,Tank,Colony,Time.point,Ramp,Coral.Watch.Color1,Coral.Watch.Color2,Coral.Watch.Color3,PAM..Fv.Fm.,RNAlater.,avgred,site,LBSP,DIN,avg.red
1,A,1,Recovery,28,5,4.5,4,0.624,,156.9,Fagatele,Low,0.3,NA
2,A,1,Recovery,28,5.5,5,4.5,0.668,,161.5,Coconut Point,NA,NA,NA
3,A,1,Recovery,28,5.5,5.5,4.5,0.615,,162.2,Vatia,Low,4.1,162.2
4,A,1,Recovery,28,6,6,5,0.626,,94.8,Cannery,High,14.6,NA
5,A,1,Recovery,28,6,6,5.5,0.61,,134.8,Faga'alu,Medium,6.7,NA
6,A,1,Stress,28,5,5.5,NA,0.61,,111,Vatia,Low,4.1,111
7,A,1,Stress,28,5.5,5.5,NA,0.627,,120,Cannery,High,14.6,NA
8,A,1,Stress,28,6,6,NA,0.65,,135.8,Faga'alu,Medium,6.7,NA
9,A,1,Stress,28,6,6,NA,0.605,,68.3,Fagatele,Low,0.3,NA
10,A,1,Stress,28,4.5,5.5,NA,0.667,,NA,Coconut Point,NA,NA,NA
11,A,2,Recovery,28,5.5,5,5.5,0.624,,134.2,Faga'alu,Medium,6.7,NA
12,A,2,Recovery,28,5.5,5.5,5,0.638,,152.5,Vatia,Low,4.1,152.5
13,A,2,Recovery,28,6,6,5.5,0.652,,148.6,Fagatele,Low,0.3,NA
14,A,2,Recovery,28,6,6,5.5,0.671,,126.9,Cannery,High,14.6,NA
15,A,2,Recovery,28,6,NA,NA,NA,,NA,Coconut Point,NA,NA,NA
16,A,2,Stress,28,5,5,NA,0.598,,164.6,Faga'alu,Medium,6.7,NA
17,A,2,Stress,28,6,5.5,NA,0.647,,NA,Coconut Point,NA,NA,NA
18,A,2,Stress,28,6,6,NA,0.645,,44.2,Vatia,Low,4.1,44.2
19,A,2,Stress,28,6,6,NA,0.672,,129.7,Cannery,High,14.6,NA
20,A,2,Stress,28,6,6,NA,0.612,,84.8,Fagatele,Low,0.3,NA
21,A,3,Recovery,28,5.5,5,5,0.647,,168.5,Coconut Point,NA,NA,NA
22,A,3,Recovery,28,6,5.5,5,0.647,,141,Vatia,Low,4.1,141
23,A,3,Recovery,28,6,6,5,0.587,,146.7,Faga'alu,Medium,6.7,NA
24,A,3,Recovery,28,6,6,5,0.604,,205.7,Fagatele,Low,0.3,NA
25,A,3,Recovery,28,6,6,6,0.636,,84.5,Cannery,High,14.6,NA
26,A,3,Stress,28,5.5,5,NA,0.628,,120.8,Fagatele,Low,0.3,NA
27,A,3,Stress,28,5.5,5.5,NA,0.653,,118.3,Cannery,High,14.6,NA
28,A,3,Stress,28,6,5,NA,0.677,,NA,Coconut Point,NA,NA,NA
29,A,3,Stress,28,6,5.5,NA,0.61,,92.1,Vatia,Low,4.1,92.1
30,A,3,Stress,28,6,5.5,NA,0.62,,137.7,Faga'alu,Medium,6.7,NA
31,A,4,Recovery,28,5,5,4,0.622,,239.3,Vatia,Low,4.1,239.3
32,A,4,Recovery,28,5.5,5.5,5,0.606,,151.8,Faga'alu,Medium,6.7,NA
33,A,4,Recovery,28,6,5.5,5,0.603,,169.1,Fagatele,Low,0.3,NA
34,A,4,Recovery,28,6,5.5,5,0.646,,153.6,Coconut Point,NA,NA,NA
35,A,4,Recovery,28,6,6,6,0.677,,133.4,Cannery,High,14.6,NA
36,A,4,Stress,28,5,5,NA,0.653,,NA,Coconut Point,NA,NA,NA
37,A,4,Stress,28,5,5,NA,0.658,,153.6,Faga'alu,Medium,6.7,NA
38,A,4,Stress,28,6,5,NA,0.636,,152.5,Fagatele,Low,0.3,NA
39,A,4,Stress,28,6,5.5,NA,0.527,,100.2,Vatia,Low,4.1,100.2
40,A,4,Stress,28,6,6,NA,0.67,,96.5,Cannery,High,14.6,NA
41,A,5,Recovery,28,5,5,4.5,0.629,,171.4,Coconut Point,NA,NA,NA
42,A,5,Recovery,28,5.5,5.5,4.5,0.649,,115.9,Cannery,High,14.6,NA
43,A,5,Recovery,28,5.5,5.5,5.5,0.62,,136.1,Faga'alu,Medium,6.7,NA
44,A,5,Recovery,28,6,6,5.5,0.65,,122.8,Vatia,Low,4.1,122.8
45,A,5,Recovery,28,6,6,5.5,0.587,,169,Fagatele,Low,0.3,NA
46,A,5,Stress,28,5,5,NA,0.636,,NA,Coconut Point,NA,NA,NA
47,A,5,Stress,28,6,5.5,NA,0.61,,157.7,Faga'alu,Medium,6.7,NA
48,A,5,Stress,28,6,6,NA,0.644,,83.6,Vatia,Low,4.1,83.6
49,A,5,Stress,28,6,6,NA,0.653,,97.8,Cannery,High,14.6,NA
50,A,5,Stress,28,6,6,NA,0.593,,83.8,Fagatele,Low,0.3,NA
51,A,6,Recovery,28,5.5,6,4.5,0.65,,165.6,Fagatele,Low,0.3,NA
52,A,6,Recovery,28,6,5.5,5,0.639,,140.3,Cannery,High,14.6,NA
53,A,6,Recovery,28,6,6,5,0.619,,153,Faga'alu,Medium,6.7,NA
54,A,6,Recovery,28,6,6,5.5,0.676,,114.5,Vatia,Low,4.1,114.5
55,A,6,Recovery,28,4.5,4.5,3.5,0.653,,209.3,Coconut Point,NA,NA,NA
56,A,6,Stress,28,5.5,5.5,NA,0.663,,NA,Coconut Point,NA,NA,NA
57,A,6,Stress,28,5.5,5.5,NA,0.665,,137.5,Faga'alu,Medium,6.7,NA
58,A,6,Stress,28,6,6,NA,0.665,,79.4,Fagatele,Low,0.3,NA
59,A,6,Stress,28,6,6,NA,0.665,,134.5,Cannery,High,14.6,NA
60,A,6,Stress,28,6,6,NA,0.672,,86,Vatia,Low,4.1,86
61,A,7,Recovery,28,5,4.5,3.5,0.611,,175.5,Vatia,Low,4.1,175.5
62,A,7,Recovery,28,6,5.5,5,0.665,,181.5,Coconut Point,NA,NA,NA
63,A,7,Recovery,28,6,5.5,5.5,0.633,,152.1,Faga'alu,Medium,6.7,NA
64,A,7,Recovery,28,6,6,5.5,0.64,,154.2,Fagatele,Low,0.3,NA
65,A,7,Recovery,28,6,6,6,0.663,,125.5,Cannery,High,14.6,NA
66,A,7,Stress,28,5.5,5.5,NA,0.65,,136.7,Cannery,High,14.6,NA
67,A,7,Stress,28,5.5,6,NA,0.586,,144.5,Faga'alu,Medium,6.7,NA
68,A,7,Stress,28,6,5.5,NA,0.641,,87.9,Fagatele,Low,0.3,NA
69,A,7,Stress,28,6,5.5,NA,0.658,,NA,Coconut Point,NA,NA,NA
70,A,7,Stress,28,6,6,NA,0.626,,113.5,Vatia,Low,4.1,113.5
71,A,8,Recovery,28,5.5,5,5,0.639,,155.9,Vatia,Low,4.1,155.9
72,A,8,Recovery,28,5.5,5.5,4.5,0.624,,146.8,Faga'alu,Medium,6.7,NA
73,A,8,Recovery,28,6,6,4.5,0.659,,151,Fagatele,Low,0.3,NA
74,A,8,Recovery,28,6,6,5,0.633,,137.2,Coconut Point,NA,NA,NA
75,A,8,Recovery,28,6,6,5.5,0.636,,99.8,Cannery,High,14.6,NA
76,A,8,Stress,28,5,5,NA,0.631,,101.5,Vatia,Low,4.1,101.5
77,A,8,Stress,28,6,5.5,NA,0.606,,NA,Coconut Point,NA,NA,NA
78,A,8,Stress,28,6,6,NA,0.64,,89.4,Faga'alu,Medium,6.7,NA
79,A,8,Stress,28,6,6,NA,0.669,,99.5,Fagatele,Low,0.3,NA
80,A,8,Stress,28,6,6,NA,0.685,,110.8,Cannery,High,14.6,NA
81,B,1,Recovery,33,5.5,5,3.5,0.612,,188.6,Coconut Point,NA,NA,NA
82,B,1,Recovery,33,5.5,5.5,2.5,0.609,,183.2,Vatia,Low,4.1,183.2
83,B,1,Recovery,33,6,6,2.5,0.614,,243.5,Fagatele,Low,0.3,NA
84,B,1,Recovery,33,6,6,4.5,0.645,,125.4,Cannery,High,14.6,NA
85,B,1,Recovery,33,6,6,5.5,0.649,,142.3,Faga'alu,Medium,6.7,NA
86,B,1,Stress,33,5,5,NA,0.62,,88.3,Vatia,Low,4.1,88.3
87,B,1,Stress,33,5.5,5.5,NA,0.648,,NA,Coconut Point,NA,NA,NA
88,B,1,Stress,33,6,5,NA,0.627,,100.4,Cannery,High,14.6,NA
89,B,1,Stress,33,6,5.5,NA,0.52,,153.1,Faga'alu,Medium,6.7,NA
90,B,1,Stress,33,6,6,NA,0.622,,66.2,Fagatele,Low,0.3,NA
91,B,2,Recovery,33,5.5,5,3.5,0.633,,177.4,Faga'alu,Medium,6.7,NA
92,B,2,Recovery,33,6,5,3.5,0.598,,201.5,Coconut Point,NA,NA,NA
93,B,2,Recovery,33,6,5.5,3.5,0.633,,206.3,Cannery,High,14.6,NA
94,B,2,Recovery,33,6,6,2,0.64,,228.2,Vatia,Low,4.1,228.2
95,B,2,Recovery,33,6,6,2.5,0.645,,211,Fagatele,Low,0.3,NA
96,B,2,Stress,33,5.5,4.5,NA,0.658,,NA,Coconut Point,NA,NA,NA
97,B,2,Stress,33,5.5,5,NA,0.629,,156.7,Faga'alu,Medium,6.7,NA
98,B,2,Stress,33,6,5.5,NA,0.672,,114.5,Cannery,High,14.6,NA
99,B,2,Stress,33,6,6,NA,0.637,,95,Fagatele,Low,0.3,NA
100,B,2,Stress,33,6,6,NA,0.617,,75.3,Vatia,Low,4.1,75.3
101,B,3,Recovery,33,5,3.5,3.5,0.64,,214.8,Coconut Point,NA,NA,NA
102,B,3,Recovery,33,6,5.5,2,0.631,,227.9,Faga'alu,Medium,6.7,NA
103,B,3,Recovery,33,6,6,2,0.654,,237.4,Vatia,Low,4.1,237.4
104,B,3,Recovery,33,6,6,3,0.618,,232.1,Fagatele,Low,0.3,NA
105,B,3,Recovery,33,6,6,5.5,0.633,,149.8,Cannery,High,14.6,NA
106,B,3,Stress,33,5,5,NA,0.634,,153.2,Vatia,Low,4.1,153.2
107,B,3,Stress,33,5.5,4.5,NA,0.629,,NA,Coconut Point,NA,NA,NA
108,B,3,Stress,33,5.5,5.5,NA,0.658,,125.9,Cannery,High,14.6,NA
109,B,3,Stress,33,6,6,NA,0.61,,84,Fagatele,Low,0.3,NA
110,B,3,Stress,33,6,6,NA,0.673,,120.7,Faga'alu,Medium,6.7,NA
111,B,4,Recovery,33,5.5,5.5,3,0.576,,186.5,Vatia,Low,4.1,186.5
112,B,4,Recovery,33,5.5,5.5,3.5,0.645,,230.6,Coconut Point,NA,NA,NA
113,B,4,Recovery,33,6,5.5,4.5,0.586,,193.2,Cannery,High,14.6,NA
114,B,4,Recovery,33,6,6,2,0.662,,227.2,Faga'alu,Medium,6.7,NA
115,B,4,Recovery,33,6,6,4.5,0.612,,214.6,Fagatele,Low,0.3,NA
116,B,4,Stress,33,5.5,5,NA,0.659,,153.7,Faga'alu,Medium,6.7,NA
117,B,4,Stress,33,5.5,5,NA,0.605,,126.6,Vatia,Low,4.1,126.6
118,B,4,Stress,33,6,4.5,NA,0.667,,NA,Coconut Point,NA,NA,NA
119,B,4,Stress,33,6,6,NA,0.668,,98.7,Cannery,High,14.6,NA
120,B,4,Stress,33,6,6,NA,0.637,,94.5,Fagatele,Low,0.3,NA
121,B,5,Recovery,33,5,5,4,0.625,,189,Cannery,High,14.6,NA
122,B,5,Recovery,33,6,5.5,2.5,0.655,,214.5,Vatia,Low,4.1,214.5
123,B,5,Recovery,33,6,6,4.5,0.645,,151.9,Fagatele,Low,0.3,NA
124,B,5,Recovery,33,6,6,4.5,0.613,,149.5,Faga'alu,Medium,6.7,NA
125,B,5,Recovery,33,4.5,4.5,3.5,0.65,,193.9,Coconut Point,NA,NA,NA
126,B,5,Stress,33,5.5,5.5,NA,0.596,,150,Faga'alu,Medium,6.7,NA
127,B,5,Stress,33,6,5.5,NA,0.667,,109.2,Cannery,High,14.6,NA
128,B,5,Stress,33,6,6,NA,0.658,,76.2,Vatia,Low,4.1,76.2
129,B,5,Stress,33,6,6,NA,0.616,,100.3,Fagatele,Low,0.3,NA
130,B,5,Stress,33,4.5,3.5,NA,0.647,,NA,Coconut Point,NA,NA,NA
131,B,6,Recovery,33,5.5,5.5,2.5,0.605,,185.2,Faga'alu,Medium,6.7,NA
132,B,6,Recovery,33,6,5,3.5,0.648,,167.1,Coconut Point,NA,NA,NA
133,B,6,Recovery,33,6,5.5,5,0.61,,164,Vatia,Low,4.1,164
134,B,6,Recovery,33,6,6,4,0.608,,176.8,Fagatele,Low,0.3,NA
135,B,6,Recovery,33,6,6,4.5,0.676,,143.1,Cannery,High,14.6,NA
136,B,6,Stress,33,5,4,NA,0.632,,NA,Coconut Point,NA,NA,NA
137,B,6,Stress,33,6,5,NA,0.667,,145.9,Cannery,High,14.6,NA
138,B,6,Stress,33,6,5.5,NA,0.663,,146,Faga'alu,Medium,6.7,NA
139,B,6,Stress,33,6,6,NA,0.629,,67.3,Fagatele,Low,0.3,NA
140,B,6,Stress,33,6,6,NA,0.664,,60.2,Vatia,Low,4.1,60.2
141,B,7,Recovery,33,5.5,5,2,0.627,,240.2,Vatia,Low,4.1,240.2
142,B,7,Recovery,33,5.5,5.5,4,0.653,,165,Cannery,High,14.6,NA
143,B,7,Recovery,33,6,5.5,1.5,0.666,,213.8,Faga'alu,Medium,6.7,NA
144,B,7,Recovery,33,6,5.5,2.5,0.631,,220.2,Coconut Point,NA,NA,NA
145,B,7,Recovery,33,6,6,4,0.57,,182.6,Fagatele,Low,0.3,NA
146,B,7,Stress,33,5.5,5,NA,0.65,,112.1,Vatia,Low,4.1,112.1
147,B,7,Stress,33,5.5,5,NA,0.646,,154.2,Faga'alu,Medium,6.7,NA
148,B,7,Stress,33,5.5,5.5,NA,0.621,,85.7,Fagatele,Low,0.3,NA
149,B,7,Stress,33,6,5.5,NA,0.633,,NA,Coconut Point,NA,NA,NA
150,B,7,Stress,33,6,6,NA,0.669,,130.1,Cannery,High,14.6,NA
151,B,8,Recovery,33,5,5,2.5,0.644,,200.4,Vatia,Low,4.1,200.4
152,B,8,Recovery,33,5.5,5.5,5,0.63,,104.2,Cannery,High,14.6,NA
153,B,8,Recovery,33,5.5,3.5,3.5,0.557,,186.4,Coconut Point,NA,NA,NA
154,B,8,Recovery,33,6,5,2,0.651,,216.5,Faga'alu,Medium,6.7,NA
155,B,8,Recovery,33,6,6,2.5,0.653,,245.3,Fagatele,Low,0.3,NA
156,B,8,Stress,33,5,3.5,NA,0.588,,NA,Coconut Point,NA,NA,NA
157,B,8,Stress,33,6,5.5,NA,0.651,,127.8,Faga'alu,Medium,6.7,NA
158,B,8,Stress,33,6,6,NA,0.652,,73.7,Cannery,High,14.6,NA
159,B,8,Stress,33,6,6,NA,0.575,,78.4,Vatia,Low,4.1,78.4
160,B,8,Stress,33,6,6,NA,0.634,,82.5,Fagatele,Low,0.3,NA
161,C,1,Recovery,34,5.5,4.5,2,0.677,,208.9,Cannery,High,14.6,NA
162,C,1,Recovery,34,5.5,5,3.5,0.605,,196.5,Faga'alu,Medium,6.7,NA
163,C,1,Recovery,34,5.5,5.5,2.5,0.668,,173.5,Coconut Point,NA,NA,NA
164,C,1,Recovery,34,5.5,5.5,4.5,0.612,,189.2,Vatia,Low,4.1,189.2
165,C,1,Recovery,34,6,6,1.5,0.587,,246.2,Fagatele,Low,0.3,NA
166,C,1,Stress,34,5,4,NA,0.638,,NA,Coconut Point,NA,NA,NA
167,C,1,Stress,34,6,6,NA,0.611,,113.5,Faga'alu,Medium,6.7,NA
168,C,1,Stress,34,6,6,NA,0.638,,101.6,Cannery,High,14.6,NA
169,C,1,Stress,34,6,6,NA,0.66,,106.6,Vatia,Low,4.1,106.6
170,C,1,Stress,34,6,6,NA,0.605,,136,Fagatele,Low,0.3,NA
171,C,2,Recovery,34,5.5,4.5,2,0.656,,229.3,Coconut Point,NA,NA,NA
172,C,2,Recovery,34,6,5.5,3.5,0.611,,212.4,Cannery,High,14.6,NA
173,C,2,Recovery,34,6,6,2.5,0.615,,216.5,Vatia,Low,4.1,216.5
174,C,2,Recovery,34,6,6,2.5,0.629,,241.6,Fagatele,Low,0.3,NA
175,C,2,Recovery,34,3.5,3,2.5,0.524,,208.7,Faga'alu,Medium,6.7,NA
176,C,2,Stress,34,6,5,NA,0.636,,125.1,Faga'alu,Medium,6.7,NA
177,C,2,Stress,34,6,5.5,NA,0.658,,121.6,Cannery,High,14.6,NA
178,C,2,Stress,34,6,5.5,NA,0.661,,NA,Coconut Point,NA,NA,NA
179,C,2,Stress,34,6,6,NA,0.641,,61.5,Vatia,Low,4.1,61.5
180,C,2,Stress,34,6,6,NA,0.594,,111.9,Fagatele,Low,0.3,NA
181,C,3,Recovery,34,5.5,5,3,0.635,,221.5,Vatia,Low,4.1,221.5
182,C,3,Recovery,34,6,5,3,0.628,,182.9,Coconut Point,NA,NA,NA
183,C,3,Recovery,34,6,5,3.5,0.622,,166.4,Faga'alu,Medium,6.7,NA
184,C,3,Recovery,34,6,6,4,0.611,,205.9,Fagatele,Low,0.3,NA
185,C,3,Recovery,34,6,6,4.5,0.671,,145.9,Cannery,High,14.6,NA
186,C,3,Stress,34,5,3.5,NA,0.638,,NA,Coconut Point,NA,NA,NA
187,C,3,Stress,34,5.5,5.5,NA,0.626,,136,Vatia,Low,4.1,136
188,C,3,Stress,34,6,5.5,NA,0.659,,105.8,Cannery,High,14.6,NA
189,C,3,Stress,34,6,5.5,NA,0.603,,122.4,Faga'alu,Medium,6.7,NA
190,C,3,Stress,34,6,6,NA,0.58,,93.6,Fagatele,Low,0.3,NA
191,C,4,Recovery,34,5,4,2,0.615,,205,Faga'alu,Medium,6.7,NA
192,C,4,Recovery,34,5,5,3,0.568,,222.4,Fagatele,Low,0.3,NA
193,C,4,Recovery,34,6,6,2.5,0.659,,213.9,Cannery,High,14.6,NA
194,C,4,Recovery,34,6,6,2.5,0.671,,200.8,Coconut Point,NA,NA,NA
195,C,4,Recovery,34,6,6,3,0.634,,190,Vatia,Low,4.1,190
196,C,4,Stress,34,5,5,NA,0.593,,NA,Coconut Point,NA,NA,NA
197,C,4,Stress,34,5,5,NA,0.62,,151,Vatia,Low,4.1,151
198,C,4,Stress,34,5.5,5,NA,0.629,,156.4,Fagatele,Low,0.3,NA
199,C,4,Stress,34,5.5,5,NA,0.642,,160.2,Faga'alu,Medium,6.7,NA
200,C,4,Stress,34,6,5.5,NA,0.661,,107.5,Cannery,High,14.6,NA
201,C,5,Recovery,34,5,5,2.5,0.638,,194,Coconut Point,NA,NA,NA
202,C,5,Recovery,34,6,5.5,2.5,0.662,,197.8,Vatia,Low,4.1,197.8
203,C,5,Recovery,34,6,6,2.5,0.663,,164.9,Cannery,High,14.6,NA
204,C,5,Recovery,34,6,6,3.5,0.613,,180.6,Faga'alu,Medium,6.7,NA
205,C,5,Recovery,34,6,6,4,0.623,,199.2,Fagatele,Low,0.3,NA
206,C,5,Stress,34,6,5,NA,0.608,,127.6,Faga'alu,Medium,6.7,NA
207,C,5,Stress,34,6,5.5,NA,0.671,,98.8,Cannery,High,14.6,NA
208,C,5,Stress,34,6,6,NA,0.611,,72.2,Vatia,Low,4.1,72.2
209,C,5,Stress,34,6,6,NA,0.609,,95.1,Fagatele,Low,0.3,NA
210,C,5,Stress,34,4.5,4,NA,0.631,,NA,Coconut Point,NA,NA,NA
211,C,6,Recovery,34,5.5,4.5,2,0.641,,220,Cannery,High,14.6,NA
212,C,6,Recovery,34,5.5,5.5,2,0.659,,194.3,Coconut Point,NA,NA,NA
213,C,6,Recovery,34,6,5.5,3,0.624,,190.7,Faga'alu,Medium,6.7,NA
214,C,6,Recovery,34,6,5.5,3,0.646,,233.9,Fagatele,Low,0.3,NA
215,C,6,Recovery,34,6,5.5,4.5,0.657,,168.4,Vatia,Low,4.1,168.4
216,C,6,Stress,34,6,5,NA,0.626,,157.2,Cannery,High,14.6,NA
217,C,6,Stress,34,6,5.5,NA,0.61,,103.9,Vatia,Low,4.1,103.9
218,C,6,Stress,34,6,5.5,NA,0.648,,139.9,Faga'alu,Medium,6.7,NA
219,C,6,Stress,34,6,6,NA,0.621,,74.9,Fagatele,Low,0.3,NA
220,C,6,Stress,34,4.5,5,NA,0.624,,NA,Coconut Point,NA,NA,NA
221,C,7,Recovery,34,6,5.5,2.5,0.594,,222.6,Vatia,Low,4.1,222.6
222,C,7,Recovery,34,6,5.5,3,0.631,,230,Coconut Point,NA,NA,NA
223,C,7,Recovery,34,6,6,3.5,0.669,,207.7,Faga'alu,Medium,6.7,NA
224,C,7,Recovery,34,6,6,4,0.627,,214.3,Fagatele,Low,0.3,NA
225,C,7,Recovery,34,6,6,5.5,0.636,,129.2,Cannery,High,14.6,NA
226,C,7,Stress,34,5,4.5,NA,0.6,,141.1,Vatia,Low,4.1,141.1
227,C,7,Stress,34,5,5,NA,0.619,,169.6,Faga'alu,Medium,6.7,NA
228,C,7,Stress,34,5.5,5.5,NA,0.632,,100.5,Fagatele,Low,0.3,NA
229,C,7,Stress,34,6,5,NA,0.647,,NA,Coconut Point,NA,NA,NA
230,C,7,Stress,34,6,5.5,NA,0.644,,144.6,Cannery,High,14.6,NA
231,C,8,Recovery,34,5.5,5,3.5,0.61,,176.3,Coconut Point,NA,NA,NA
232,C,8,Recovery,34,6,5.5,2.5,0.59,,206.4,Cannery,High,14.6,NA
233,C,8,Recovery,34,6,5.5,4,0.669,,168.4,Vatia,Low,4.1,168.4
234,C,8,Recovery,34,6,6,3,0.621,,190.9,Faga'alu,Medium,6.7,NA
235,C,8,Recovery,34,6,6,4.5,0.625,,201.5,Fagatele,Low,0.3,NA
236,C,8,Stress,34,5.5,5,NA,0.623,,83.2,Vatia,Low,4.1,83.2
237,C,8,Stress,34,6,5.5,NA,0.658,,NA,Coconut Point,NA,NA,NA
238,C,8,Stress,34,6,5.5,NA,0.57,,143.5,Faga'alu,Medium,6.7,NA
239,C,8,Stress,34,6,6,NA,0.628,,84.7,Cannery,High,14.6,NA
240,C,8,Stress,34,6,6,NA,0.597,,112.1,Fagatele,Low,0.3,NA
241,D,1,Recovery,35,5,5.5,2,0.645,,222.5,Vatia,Low,4.1,222.5
242,D,1,Recovery,35,5.5,4.5,1,0.547,,247.1,Fagatele,Low,0.3,NA
243,D,1,Recovery,35,5.5,5,2,0.63,,219.2,Faga'alu,Medium,6.7,NA
244,D,1,Recovery,35,5.5,5.5,2.5,0.655,,205.9,Coconut Point,NA,NA,NA
245,D,1,Recovery,35,6,6,2.5,0.64,,171.9,Cannery,High,14.6,NA
246,D,1,Stress,35,5.5,5,NA,0.644,,153,Faga'alu,Medium,6.7,NA
247,D,1,Stress,35,5.5,5,NA,0.662,,159.9,Cannery,High,14.6,NA
248,D,1,Stress,35,5.5,5.5,NA,0.653,,NA,Coconut Point,NA,NA,NA
249,D,1,Stress,35,6,5.5,NA,0.609,,84.4,Fagatele,Low,0.3,NA
250,D,1,Stress,35,6,6,NA,0.643,,81.4,Vatia,Low,4.1,81.4
251,D,2,Recovery,35,5.5,4,2.5,0.586,,193.9,Faga'alu,Medium,6.7,NA
252,D,2,Recovery,35,6,5,2,0.652,,246.2,Coconut Point,NA,NA,NA
253,D,2,Recovery,35,6,5.5,1.5,0.625,,238.4,Fagatele,Low,0.3,NA
254,D,2,Recovery,35,6,5.5,1.5,0.649,,209.3,Vatia,Low,4.1,209.3
255,D,2,Recovery,35,6,5.5,4.5,0.666,,208.2,Cannery,High,14.6,NA
256,D,2,Stress,35,5.5,4.5,NA,0.647,,155.2,Faga'alu,Medium,6.7,NA
257,D,2,Stress,35,5.5,4.5,NA,0.591,,134.7,Fagatele,Low,0.3,NA
258,D,2,Stress,35,6,5.5,NA,0.628,,143.3,Cannery,High,14.6,NA
259,D,2,Stress,35,6,5.5,NA,0.655,,NA,Coconut Point,NA,NA,NA
260,D,2,Stress,35,6,6,NA,0.63,,97.6,Vatia,Low,4.1,97.6
261,D,3,Recovery,35,5,4,2,0.619,,237.4,Coconut Point,NA,NA,NA
262,D,3,Recovery,35,5.5,5,2.5,0.632,,183,Vatia,Low,4.1,183
263,D,3,Recovery,35,5.5,5.5,2,0.575,,241.1,Fagatele,Low,0.3,NA
264,D,3,Recovery,35,6,5.5,2,0.656,,212.4,Cannery,High,14.6,NA
265,D,3,Recovery,35,6,6,2,0.621,,186.6,Faga'alu,Medium,6.7,NA
266,D,3,Stress,35,5.5,3.5,NA,0.632,,NA,Coconut Point,NA,NA,NA
267,D,3,Stress,35,6,5.5,NA,0.67,,113.9,Cannery,High,14.6,NA
268,D,3,Stress,35,6,5.5,NA,0.62,,116.9,Faga'alu,Medium,6.7,NA
269,D,3,Stress,35,6,6,NA,0.657,,119.5,Vatia,Low,4.1,119.5
270,D,3,Stress,35,6,6,NA,0.598,,107.6,Fagatele,Low,0.3,NA
271,D,4,Recovery,35,5.5,5,2,0.598,,213.1,Vatia,Low,4.1,213.1
272,D,4,Recovery,35,6,4,2,0.625,,207.9,Faga'alu,Medium,6.7,NA
273,D,4,Recovery,35,6,5.5,2,0.667,,223.4,Coconut Point,NA,NA,NA
274,D,4,Recovery,35,6,6,2,0.614,,223.5,Fagatele,Low,0.3,NA
275,D,4,Recovery,35,6,6,4.5,0.653,,150.1,Cannery,High,14.6,NA
276,D,4,Stress,35,5.5,5,NA,0.627,,NA,Coconut Point,NA,NA,NA
277,D,4,Stress,35,5.5,5.5,NA,0.627,,139.1,Vatia,Low,4.1,139.1
278,D,4,Stress,35,6,5,NA,0.65,,136,Faga'alu,Medium,6.7,NA
279,D,4,Stress,35,6,6,NA,0.655,,132,Cannery,High,14.6,NA
280,D,4,Stress,35,6,6,NA,0.554,,125.2,Fagatele,Low,0.3,NA
281,D,5,Recovery,35,5,4.5,2,0.638,,216.8,Coconut Point,NA,NA,NA
282,D,5,Recovery,35,5.5,5.5,2,0.649,,216.1,Vatia,Low,4.1,216.1
283,D,5,Recovery,35,6,5.5,4,0.665,,111,Cannery,High,14.6,NA
284,D,5,Recovery,35,6,6,2,0.601,,203.4,Faga'alu,Medium,6.7,NA
285,D,5,Recovery,35,6,6,4,0.616,,170,Fagatele,Low,0.3,NA
286,D,5,Stress,35,5,4,NA,0.605,,NA,Coconut Point,NA,NA,NA
287,D,5,Stress,35,6,5.5,NA,0.655,,104.7,Vatia,Low,4.1,104.7
288,D,5,Stress,35,6,6,NA,0.64,,133.8,Faga'alu,Medium,6.7,NA
289,D,5,Stress,35,6,6,NA,0.654,,106.5,Cannery,High,14.6,NA
290,D,5,Stress,35,6,6,NA,0.657,,79.2,Fagatele,Low,0.3,NA
291,D,6,Recovery,35,5,5,1.5,0.649,,239.3,Coconut Point,NA,NA,NA
292,D,6,Recovery,35,6,5.5,2,0.654,,192.3,Cannery,High,14.6,NA
293,D,6,Recovery,35,6,5.5,2.5,0.637,,189.6,Faga'alu,Medium,6.7,NA
294,D,6,Recovery,35,6,6,2.5,0.651,,227.3,Fagatele,Low,0.3,NA
295,D,6,Recovery,35,6,6,5,0.647,,135.7,Vatia,Low,4.1,135.7
296,D,6,Stress,35,5,4,NA,0.654,,NA,Coconut Point,NA,NA,NA
297,D,6,Stress,35,5.5,5,NA,0.597,,173.9,Faga'alu,Medium,6.7,NA
298,D,6,Stress,35,6,5.5,NA,0.658,,98.3,Cannery,High,14.6,NA
299,D,6,Stress,35,6,6,NA,0.614,,92.2,Fagatele,Low,0.3,NA
300,D,6,Stress,35,6,6,NA,0.632,,81.9,Vatia,Low,4.1,81.9
301,D,7,Recovery,35,5,5,2,0.647,,231,Vatia,Low,4.1,231
302,D,7,Recovery,35,6,5.5,3,0.625,,208,Coconut Point,NA,NA,NA
303,D,7,Recovery,35,6,5.5,4,0.663,,164.9,Cannery,High,14.6,NA
304,D,7,Recovery,35,6,5.5,1,0,,221.4,Faga'alu,Medium,6.7,NA
305,D,7,Recovery,35,6,6,2,0.611,,250.5,Fagatele,Low,0.3,NA
306,D,7,Stress,35,5.5,5,NA,0.632,,NA,Coconut Point,NA,NA,NA
307,D,7,Stress,35,5.5,5,NA,0.6,,133.8,Vatia,Low,4.1,133.8
308,D,7,Stress,35,6,5,NA,0.582,,147.1,Faga'alu,Medium,6.7,NA
309,D,7,Stress,35,6,5.5,NA,0.617,,105.2,Fagatele,Low,0.3,NA
310,D,7,Stress,35,6,6,NA,0.657,,119.6,Cannery,High,14.6,NA
311,D,8,Recovery,35,5,5,3.5,0.64,,217.2,Coconut Point,NA,NA,NA
312,D,8,Recovery,35,6,5.5,2,0.647,,201.3,Faga'alu,Medium,6.7,NA
313,D,8,Recovery,35,6,6,3,0.617,,220.5,Fagatele,Low,0.3,NA
314,D,8,Recovery,35,6,6,4.5,0.638,,179.9,Vatia,Low,4.1,179.9
315,D,8,Recovery,35,6,6,5,0.65,,139.8,Cannery,High,14.6,NA
316,D,8,Stress,35,5.5,5,NA,0.565,,128.5,Cannery,High,14.6,NA
317,D,8,Stress,35,5.5,5,NA,0.647,,NA,Coconut Point,NA,NA,NA
318,D,8,Stress,35,5.5,5.5,NA,0.665,,103.9,Vatia,Low,4.1,103.9
319,D,8,Stress,35,6,5.5,NA,0.61,,115.7,Faga'alu,Medium,6.7,NA
320,D,8,Stress,35,6,6,NA,0.619,,116.4,Fagatele,Low,0.3,NA
321,E,1,Recovery,28,5.5,5,5,0.62,,140.2,Coconut Point,NA,NA,NA
322,E,1,Recovery,28,5.5,5.5,5,0.656,,162.1,Fagatele,Low,0.3,NA
323,E,1,Recovery,28,5.5,5.5,5,0.623,,158.1,Faga'alu,Medium,6.7,NA
324,E,1,Recovery,28,6,6,5,0.615,,153.5,Cannery,High,14.6,NA
325,E,1,Recovery,28,6,6,5,0.616,,164.4,Vatia,Low,4.1,164.4
326,E,1,Stress,28,5.5,5,NA,NA,,NA,Coconut Point,NA,NA,NA
327,E,1,Stress,28,5.5,6,NA,NA,,89.3,Vatia,Low,4.1,89.3
328,E,1,Stress,28,6,5.5,NA,NA,,118.3,Cannery,High,14.6,NA
329,E,1,Stress,28,6,6,NA,NA,,114.1,Fagatele,Low,0.3,NA
330,E,1,Stress,28,6,6,NA,NA,,123.5,Faga'alu,Medium,6.7,NA
331,E,2,Recovery,28,5,4.5,4.5,0.599,,164.9,Faga'alu,Medium,6.7,NA
332,E,2,Recovery,28,5.5,5,5,0.627,,169.6,Coconut Point,NA,NA,NA
333,E,2,Recovery,28,5.5,6,5,0.662,,189.2,Vatia,Low,4.1,189.2
334,E,2,Recovery,28,6,6,5,0.624,,141.3,Cannery,High,14.6,NA
335,E,2,Recovery,28,6,6,6,0.651,,150.8,Fagatele,Low,0.3,NA
336,E,2,Stress,28,5,4,NA,NA,,181.6,Faga'alu,Medium,6.7,NA
337,E,2,Stress,28,5.5,5.5,NA,NA,,122.5,Vatia,Low,4.1,122.5
338,E,2,Stress,28,6,5.5,NA,NA,,90,Fagatele,Low,0.3,NA
339,E,2,Stress,28,6,6,NA,NA,,107.4,Cannery,High,14.6,NA
340,E,2,Stress,28,6,6,NA,NA,,NA,Coconut Point,NA,NA,NA
341,E,3,Recovery,28,6,6,4.5,0.66,,211.2,Coconut Point,NA,NA,NA
342,E,3,Recovery,28,6,6,5,0.624,,171.4,Vatia,Low,4.1,171.4
343,E,3,Recovery,28,6,6,5.5,0.62,,184.9,Fagatele,Low,0.3,NA
344,E,3,Recovery,28,6,6,5.5,0.679,,154.9,Faga'alu,Medium,6.7,NA
345,E,3,Recovery,28,6,6,6,0.681,,81.3,Cannery,High,14.6,NA
346,E,3,Stress,28,6,4.5,NA,NA,,NA,Coconut Point,NA,NA,NA
347,E,3,Stress,28,6,5.5,NA,NA,,116.9,Faga'alu,Medium,6.7,NA
348,E,3,Stress,28,6,6,NA,NA,,49.9,Fagatele,Low,0.3,NA
349,E,3,Stress,28,6,6,NA,NA,,108.5,Cannery,High,14.6,NA
350,E,3,Stress,28,6,6,NA,NA,,117.7,Vatia,Low,4.1,117.7
351,E,4,Recovery,28,6,5.5,5,0.617,,178.4,Fagatele,Low,0.3,NA
352,E,4,Recovery,28,6,5.5,5.5,0.663,,172.6,Coconut Point,NA,NA,NA
353,E,4,Recovery,28,6,6,4,0.661,,185.3,Faga'alu,Medium,6.7,NA
354,E,4,Recovery,28,6,6,4.5,0.609,,167.8,Vatia,Low,4.1,167.8
355,E,4,Recovery,28,6,6,6,0.666,,135.6,Cannery,High,14.6,NA
356,E,4,Stress,28,5.5,5.5,NA,NA,,NA,Coconut Point,NA,NA,NA
357,E,4,Stress,28,5.5,6,NA,NA,,93,Vatia,Low,4.1,93
358,E,4,Stress,28,6,5.5,NA,NA,,156.5,Faga'alu,Medium,6.7,NA
359,E,4,Stress,28,6,6,NA,NA,,98.8,Cannery,High,14.6,NA
360,E,4,Stress,28,6,6,NA,NA,,119.2,Fagatele,Low,0.3,NA
361,E,5,Recovery,28,6,5.5,5,0.636,,148,Faga'alu,Medium,6.7,NA
362,E,5,Recovery,28,6,6,4,0.662,,198,Fagatele,Low,0.3,NA
363,E,5,Recovery,28,6,6,5,0.688,,124.6,Cannery,High,14.6,NA
364,E,5,Recovery,28,6,6,5.5,0.627,,161.9,Vatia,Low,4.1,161.9
365,E,5,Recovery,28,4.5,5,5,0.647,,170,Coconut Point,NA,NA,NA
366,E,5,Stress,28,5.5,5.5,NA,NA,,132.9,Cannery,High,14.6,NA
367,E,5,Stress,28,5.5,5.5,NA,NA,,NA,Coconut Point,NA,NA,NA
368,E,5,Stress,28,6,6,NA,NA,,73,Fagatele,Low,0.3,NA
369,E,5,Stress,28,6,6,NA,NA,,77.5,Vatia,Low,4.1,77.5
370,E,5,Stress,28,6,6,NA,NA,,134.7,Faga'alu,Medium,6.7,NA
371,E,6,Recovery,28,5.5,5.5,4.5,0.668,,173.4,Cannery,High,14.6,NA
372,E,6,Recovery,28,5.5,5.5,5,0.619,,165.2,Fagatele,Low,0.3,NA
373,E,6,Recovery,28,6,5.5,5,0.653,,159,Faga'alu,Medium,6.7,NA
374,E,6,Recovery,28,6,6,5.5,0.642,,153.4,Vatia,Low,4.1,153.4
375,E,6,Recovery,28,6,6,6,0.678,,85.6,Coconut Point,NA,NA,NA
376,E,6,Stress,28,5,5,NA,NA,,NA,Coconut Point,NA,NA,NA
377,E,6,Stress,28,5.5,5.5,NA,NA,,138.7,Cannery,High,14.6,NA
378,E,6,Stress,28,5.5,6,NA,NA,,105.6,Fagatele,Low,0.3,NA
379,E,6,Stress,28,6,6,NA,NA,,68.4,Vatia,Low,4.1,68.4
380,E,6,Stress,28,6,6,NA,NA,,132.4,Faga'alu,Medium,6.7,NA
381,E,7,Recovery,28,5,5,4,0.688,,178.1,Vatia,Low,4.1,178.1
382,E,7,Recovery,28,6,5.5,4.5,0.667,,222,Coconut Point,NA,NA,NA
383,E,7,Recovery,28,6,6,5,0.67,,171.6,Faga'alu,Medium,6.7,NA
384,E,7,Recovery,28,6,6,5.5,0.656,,131.1,Cannery,High,14.6,NA
385,E,7,Recovery,28,6,6,6,0.638,,123.7,Fagatele,Low,0.3,NA
386,E,7,Stress,28,5.5,5.5,NA,NA,,130.1,Cannery,High,14.6,NA
387,E,7,Stress,28,6,5.5,NA,NA,,111.2,Vatia,Low,4.1,111.2
388,E,7,Stress,28,6,5.5,NA,NA,,169.7,Faga'alu,Medium,6.7,NA
389,E,7,Stress,28,6,6,NA,NA,,64.8,Fagatele,Low,0.3,NA
390,E,7,Stress,28,6,6,NA,NA,,NA,Coconut Point,NA,NA,NA
391,E,8,Recovery,28,6,5.5,5.5,0.67,,157.2,Coconut Point,NA,NA,NA
392,E,8,Recovery,28,6,6,4.5,0.636,,175.8,Faga'alu,Medium,6.7,NA
393,E,8,Recovery,28,6,6,5,0.643,,207.6,Fagatele,Low,0.3,NA
394,E,8,Recovery,28,6,6,5,0.666,,167.7,Vatia,Low,4.1,167.7
395,E,8,Recovery,28,6,6,5.5,0.66,,97.1,Cannery,High,14.6,NA
396,E,8,Stress,28,5.5,5.5,NA,NA,,NA,Coconut Point,NA,NA,NA
397,E,8,Stress,28,6,6,NA,NA,,67,Fagatele,Low,0.3,NA
398,E,8,Stress,28,6,6,NA,NA,,83.4,Cannery,High,14.6,NA
399,E,8,Stress,28,6,6,NA,NA,,93.9,Vatia,Low,4.1,93.9
400,E,8,Stress,28,6,6,NA,NA,,140.7,Faga'alu,Medium,6.7,NA
401,F,1,Recovery,33,5.5,4.5,4,0.659,,184.2,Coconut Point,NA,NA,NA
402,F,1,Recovery,33,5.5,5.5,4,0.66,,123.7,Cannery,High,14.6,NA
403,F,1,Recovery,33,6,6,3.5,0.604,,213.5,Fagatele,Low,0.3,NA
404,F,1,Recovery,33,6,6,4.5,0.642,,186.1,Vatia,Low,4.1,186.1
405,F,1,Recovery,33,6,6,5,0.658,,135,Faga'alu,Medium,6.7,NA
406,F,1,Stress,33,5.5,5,NA,NA,,139.3,Cannery,High,14.6,NA
407,F,1,Stress,33,5.5,3.5,NA,NA,,NA,Coconut Point,NA,NA,NA
408,F,1,Stress,33,6,5.5,NA,NA,,135.9,Faga'alu,Medium,6.7,NA
409,F,1,Stress,33,6,6,NA,NA,,99.5,Fagatele,Low,0.3,NA
410,F,1,Stress,33,6,6,NA,NA,,101.6,Vatia,Low,4.1,101.6
411,F,2,Recovery,33,5.5,4,3.5,0.605,,162.3,Faga'alu,Medium,6.7,NA
412,F,2,Recovery,33,5.5,5,3,0.662,,174.5,Coconut Point,NA,NA,NA
413,F,2,Recovery,33,6,6,4,0.627,,201.7,Fagatele,Low,0.3,NA
414,F,2,Recovery,33,6,6,4,0.621,,185.7,Vatia,Low,4.1,185.7
415,F,2,Recovery,33,6,6,4.5,0.599,,174.1,Cannery,High,14.6,NA
416,F,2,Stress,33,5.5,4.5,NA,NA,,NA,Coconut Point,NA,NA,NA
417,F,2,Stress,33,6,5,NA,NA,,160,Faga'alu,Medium,6.7,NA
418,F,2,Stress,33,6,5.5,NA,NA,,116.8,Fagatele,Low,0.3,NA
419,F,2,Stress,33,6,6,NA,NA,,72.9,Vatia,Low,4.1,72.9
420,F,2,Stress,33,6,6,NA,NA,,139.2,Cannery,High,14.6,NA
421,F,3,Recovery,33,5,5,4,0.625,,167,Vatia,Low,4.1,167
422,F,3,Recovery,33,6,4,3,0.667,,194.3,Coconut Point,NA,NA,NA
423,F,3,Recovery,33,6,5,1,0.63,,231.5,Faga'alu,Medium,6.7,NA
424,F,3,Recovery,33,6,5.5,4,0.657,,219.8,Fagatele,Low,0.3,NA
425,F,3,Recovery,33,6,5.5,5,0.654,,56.9,Cannery,High,14.6,NA
426,F,3,Stress,33,5.5,6,NA,NA,,114.8,Vatia,Low,4.1,114.8
427,F,3,Stress,33,6,5.5,NA,NA,,131,Cannery,High,14.6,NA
428,F,3,Stress,33,6,5.5,NA,NA,,141.6,Faga'alu,Medium,6.7,NA
429,F,3,Stress,33,6,6,NA,NA,,81.5,Fagatele,Low,0.3,NA
430,F,3,Stress,33,6,3.5,NA,NA,,NA,Coconut Point,NA,NA,NA
431,F,4,Recovery,33,5,4.5,1.5,0.638,,218.3,Faga'alu,Medium,6.7,NA
432,F,4,Recovery,33,5.5,5.5,2.5,0.641,,203.5,Vatia,Low,4.1,203.5
433,F,4,Recovery,33,6,5.5,3.5,0.646,,166.6,Coconut Point,NA,NA,NA
434,F,4,Recovery,33,6,5.5,4.5,0.647,,141.2,Cannery,High,14.6,NA
435,F,4,Recovery,33,6,6,4.5,0.631,,214.4,Fagatele,Low,0.3,NA
436,F,4,Stress,33,6,5.5,NA,NA,,130.9,Vatia,Low,4.1,130.9
437,F,4,Stress,33,6,5.5,NA,NA,,157.7,Faga'alu,Medium,6.7,NA
438,F,4,Stress,33,6,6,NA,NA,,76.2,Cannery,High,14.6,NA
439,F,4,Stress,33,6,6,NA,NA,,127.4,Fagatele,Low,0.3,NA
440,F,4,Stress,33,6,6,NA,NA,,NA,Coconut Point,NA,NA,NA
441,F,5,Recovery,33,5.5,6,4,0.639,,193.2,Vatia,Low,4.1,193.2
442,F,5,Recovery,33,6,5.5,3.5,0.682,,167.8,Coconut Point,NA,NA,NA
443,F,5,Recovery,33,6,5.5,4.5,0.638,,138.6,Faga'alu,Medium,6.7,NA
444,F,5,Recovery,33,6,6,4,0.686,,123.3,Cannery,High,14.6,NA
445,F,5,Recovery,33,6,6,5,0.558,,149.8,Fagatele,Low,0.3,NA
446,F,5,Stress,33,5.5,5.5,NA,NA,,NA,Coconut Point,NA,NA,NA
447,F,5,Stress,33,6,5.5,NA,NA,,118.8,Cannery,High,14.6,NA
448,F,5,Stress,33,6,6,NA,NA,,81.9,Fagatele,Low,0.3,NA
449,F,5,Stress,33,6,6,NA,NA,,118,Faga'alu,Medium,6.7,NA
450,F,5,Stress,33,6,6,NA,NA,,120.9,Vatia,Low,4.1,120.9
451,F,6,Recovery,33,5,3.5,3.5,0.674,,179.3,Coconut Point,NA,NA,NA
452,F,6,Recovery,33,6,5,4,0.665,,181.9,Cannery,High,14.6,NA
453,F,6,Recovery,33,6,5.5,3.5,0.651,,200.3,Fagatele,Low,0.3,NA
454,F,6,Recovery,33,6,5.5,5,0.629,,164.8,Faga'alu,Medium,6.7,NA
455,F,6,Recovery,33,6,6,5.5,0.638,,147,Vatia,Low,4.1,147
456,F,6,Stress,33,5,3,NA,NA,,NA,Coconut Point,NA,NA,NA
457,F,6,Stress,33,6,5.5,NA,NA,,102.6,Fagatele,Low,0.3,NA
458,F,6,Stress,33,6,5.5,NA,NA,,138.8,Faga'alu,Medium,6.7,NA
459,F,6,Stress,33,6,5.5,NA,NA,,149.1,Cannery,High,14.6,NA
460,F,6,Stress,33,6,6,NA,NA,,96.1,Vatia,Low,4.1,96.1
461,F,7,Recovery,33,5.5,5.5,4.5,0.627,,177.2,Fagatele,Low,0.3,NA
462,F,7,Recovery,33,6,5.5,3,0.674,,179,Faga'alu,Medium,6.7,NA
463,F,7,Recovery,33,6,6,2.5,0.644,,237,Coconut Point,NA,NA,NA
464,F,7,Recovery,33,6,6,5.5,0.627,,68.4,Cannery,High,14.6,NA
465,F,7,Recovery,33,6,6,5.5,0.617,,136.1,Vatia,Low,4.1,136.1
466,F,7,Stress,33,5,5,NA,NA,,105.8,Vatia,Low,4.1,105.8
467,F,7,Stress,33,5.5,5,NA,NA,,161.9,Faga'alu,Medium,6.7,NA
468,F,7,Stress,33,6,5.5,NA,NA,,NA,Coconut Point,NA,NA,NA
469,F,7,Stress,33,6,6,NA,NA,,76.6,Fagatele,Low,0.3,NA
470,F,7,Stress,33,6,6,NA,NA,,121,Cannery,High,14.6,NA
471,F,8,Recovery,33,6,5,5.5,0.65,,159.3,Cannery,High,14.6,NA
472,F,8,Recovery,33,6,5.5,4.5,0.615,,167.7,Coconut Point,NA,NA,NA
473,F,8,Recovery,33,6,6,3,0.633,,190.9,Faga'alu,Medium,6.7,NA
474,F,8,Recovery,33,6,6,4.5,0.654,,228.7,Fagatele,Low,0.3,NA
475,F,8,Recovery,33,6,6,5.5,0.66,,135.6,Vatia,Low,4.1,135.6
476,F,8,Stress,33,5.5,5,NA,NA,,138.3,Cannery,High,14.6,NA
477,F,8,Stress,33,5.5,5.5,NA,NA,,112.9,Vatia,Low,4.1,112.9
478,F,8,Stress,33,6,5,NA,NA,,NA,Coconut Point,NA,NA,NA
479,F,8,Stress,33,6,5.5,NA,NA,,119.4,Faga'alu,Medium,6.7,NA
480,F,8,Stress,33,6,6,NA,NA,,84.5,Fagatele,Low,0.3,NA
481,FieldCont,1,NA,Field,5,NA,NA,0.636,,123.7,Vatia,Low,4.1,123.7
482,FieldCont,1,NA,Field,5,NA,NA,0.643,,121.3,Coconut Point,NA,NA,NA
483,FieldCont,1,NA,Field,5,NA,NA,0.643,yes,NA,Faga'alu,Medium,6.7,NA
484,FieldCont,1,NA,Field,5,NA,NA,0.697,yes,70.6,Cannery,High,14.6,NA
485,FieldCont,1,NA,Field,6,NA,NA,0.601,,82.9,Fagatele,Low,0.3,NA
486,FieldCont,2,NA,Field,5.5,NA,NA,0.691,yes,91.3,Cannery,High,14.6,NA
487,FieldCont,2,NA,Field,6,NA,NA,0.66,,120,Coconut Point,NA,NA,NA
488,FieldCont,2,NA,Field,6,NA,NA,0.664,,89.1,Vatia,Low,4.1,89.1
489,FieldCont,2,NA,Field,6,NA,NA,0.621,,48.9,Fagatele,Low,0.3,NA
490,FieldCont,2,NA,Field,4,NA,NA,0.621,yes,NA,Faga'alu,Medium,6.7,NA
491,FieldCont,3,NA,Field,5,NA,NA,0.66,yes,131.7,Cannery,High,14.6,NA
492,FieldCont,3,NA,Field,5,NA,NA,0.661,,154.5,Coconut Point,NA,NA,NA
493,FieldCont,3,NA,Field,5.5,NA,NA,0.656,,113.1,Fagatele,Low,0.3,NA
494,FieldCont,3,NA,Field,5.5,NA,NA,0.62,,145.8,Vatia,Low,4.1,145.8
495,FieldCont,3,NA,Field,6,NA,NA,0.651,yes,NA,Faga'alu,Medium,6.7,NA
496,FieldCont,4,NA,Field,5,NA,NA,0.645,,107.2,Vatia,Low,4.1,107.2
497,FieldCont,4,NA,Field,5.5,NA,NA,0.698,yes,NA,Faga'alu,Medium,6.7,NA
498,FieldCont,4,NA,Field,6,NA,NA,0.641,,153.8,Coconut Point,NA,NA,NA
499,FieldCont,4,NA,Field,6,NA,NA,0.684,yes,49.1,Cannery,High,14.6,NA
500,FieldCont,4,NA,Field,6,NA,NA,0.642,,89.5,Fagatele,Low,0.3,NA
501,FieldCont,5,NA,Field,5,NA,NA,0.611,,98.7,Vatia,Low,4.1,98.7
502,FieldCont,5,NA,Field,6,NA,NA,0.628,yes,82.4,Cannery,High,14.6,NA
503,FieldCont,5,NA,Field,6,NA,NA,0.667,,68.9,Fagatele,Low,0.3,NA
504,FieldCont,5,NA,Field,6,NA,NA,0.669,yes,NA,Faga'alu,Medium,6.7,NA
505,FieldCont,5,NA,Field,4,NA,NA,0.632,,176.6,Coconut Point,NA,NA,NA
506,FieldCont,6,NA,Field,5,NA,NA,0.631,yes,NA,Faga'alu,Medium,6.7,NA
507,FieldCont,6,NA,Field,5,NA,NA,0.64,,147.1,Coconut Point,NA,NA,NA
508,FieldCont,6,NA,Field,5.5,NA,NA,0.686,yes,84.8,Cannery,High,14.6,NA
509,FieldCont,6,NA,Field,6,NA,NA,0.639,,108.6,Fagatele,Low,0.3,NA
510,FieldCont,6,NA,Field,6,NA,NA,0.656,,97,Vatia,Low,4.1,97
511,FieldCont,7,NA,Field,5.5,NA,NA,0.628,,130.6,Vatia,Low,4.1,130.6
512,FieldCont,7,NA,Field,6,NA,NA,0.628,yes,98.6,Cannery,High,14.6,NA
513,FieldCont,7,NA,Field,6,NA,NA,0.643,,138.3,Coconut Point,NA,NA,NA
514,FieldCont,7,NA,Field,6,NA,NA,0.653,,79.7,Fagatele,Low,0.3,NA
515,FieldCont,7,NA,Field,4.5,NA,NA,0.696,yes,NA,Faga'alu,Medium,6.7,NA
516,FieldCont,8,NA,Field,5,NA,NA,0.613,,132.2,Coconut Point,NA,NA,NA
517,FieldCont,8,NA,Field,5.5,NA,NA,0.664,,101.6,Fagatele,Low,0.3,NA
518,FieldCont,8,NA,Field,5.5,NA,NA,0.665,,95.1,Vatia,Low,4.1,95.1
519,FieldCont,8,NA,Field,5.5,NA,NA,0.681,yes,NA,Faga'alu,Medium,6.7,NA
520,FieldCont,8,NA,Field,6,NA,NA,0.68,yes,55.9,Cannery,High,14.6,NA
521,G,1,Recovery,34,5.5,4,2.5,0.662,,182.4,Coconut Point,NA,NA,NA
522,G,1,Recovery,34,5.5,5.5,2,0.657,,200.7,Cannery,High,14.6,NA
523,G,1,Recovery,34,5.5,5.5,2.5,0.593,,188.8,Faga'alu,Medium,6.7,NA
524,G,1,Recovery,34,6,5.5,2.5,0.583,,228.7,Fagatele,Low,0.3,NA
525,G,1,Recovery,34,6,6,2.5,0.623,,202.8,Vatia,Low,4.1,202.8
526,G,1,Stress,34,5.5,4,NA,NA,,NA,Coconut Point,NA,NA,NA
527,G,1,Stress,34,5.5,5,NA,NA,,140,Fagatele,Low,0.3,NA
528,G,1,Stress,34,5.5,5,NA,NA,,143.2,Cannery,High,14.6,NA
529,G,1,Stress,34,5.5,5.5,NA,NA,,90.2,Vatia,Low,4.1,90.2
530,G,1,Stress,34,6,5,NA,NA,,150.4,Faga'alu,Medium,6.7,NA
531,G,2,Recovery,34,5.5,4,1,0,,208,Faga'alu,Medium,6.7,NA
532,G,2,Recovery,34,6,5,2,0.655,,216,Coconut Point,NA,NA,NA
533,G,2,Recovery,34,6,6,2,0.626,,215.1,Vatia,Low,4.1,215.1
534,G,2,Recovery,34,6,6,2.5,0.644,,180,Cannery,High,14.6,NA
535,G,2,Recovery,34,6,6,4.5,0.633,,205.5,Fagatele,Low,0.3,NA
536,G,2,Stress,34,5.5,4,NA,NA,,187.1,Faga'alu,Medium,6.7,NA
537,G,2,Stress,34,6,5,NA,NA,,NA,Coconut Point,NA,NA,NA
538,G,2,Stress,34,6,6,NA,NA,,82.8,Vatia,Low,4.1,82.8
539,G,2,Stress,34,6,6,NA,NA,,99.8,Fagatele,Low,0.3,NA
540,G,2,Stress,34,6,6,NA,NA,,110,Cannery,High,14.6,NA
541,G,3,Recovery,34,5.5,6,1.5,0.631,,237.9,Vatia,Low,4.1,237.9
542,G,3,Recovery,34,6,4.5,2,0.662,,210.5,Coconut Point,NA,NA,NA
543,G,3,Recovery,34,6,5.5,1,0.636,,220.4,Faga'alu,Medium,6.7,NA
544,G,3,Recovery,34,6,6,3,0.628,,198.7,Cannery,High,14.6,NA
545,G,3,Recovery,34,6,6,3.5,0.57,,206.7,Fagatele,Low,0.3,NA
546,G,3,Stress,34,5,4,NA,NA,,NA,Coconut Point,NA,NA,NA
547,G,3,Stress,34,5.5,5,NA,NA,,139.5,Faga'alu,Medium,6.7,NA
548,G,3,Stress,34,6,5.5,NA,NA,,106,Vatia,Low,4.1,106
549,G,3,Stress,34,6,5.5,NA,NA,,129.9,Cannery,High,14.6,NA
550,G,3,Stress,34,6,6,NA,NA,,105.8,Fagatele,Low,0.3,NA
551,G,4,Recovery,34,5.5,5,1,0.592,,246.1,Coconut Point,NA,NA,NA
552,G,4,Recovery,34,6,4,1,0,,218.4,Faga'alu,Medium,6.7,NA
553,G,4,Recovery,34,6,6,1.5,0.608,,210.5,Vatia,Low,4.1,210.5
554,G,4,Recovery,34,6,6,2.5,0.625,,192.3,Cannery,High,14.6,NA
555,G,4,Recovery,34,6,6,4.5,0.642,,239,Fagatele,Low,0.3,NA
556,G,4,Stress,34,5.5,4,NA,NA,,NA,Coconut Point,NA,NA,NA
557,G,4,Stress,34,5.5,5,NA,NA,,100.8,Vatia,Low,4.1,100.8
558,G,4,Stress,34,5.5,5,NA,NA,,141.8,Fagatele,Low,0.3,NA
559,G,4,Stress,34,5.5,3.5,NA,NA,,171,Faga'alu,Medium,6.7,NA
560,G,4,Stress,34,6,5.5,NA,NA,,123.1,Cannery,High,14.6,NA
561,G,5,Recovery,34,6,5,1.5,0.656,,190.5,Faga'alu,Medium,6.7,NA
562,G,5,Recovery,34,6,5.5,1.5,0.661,,211.8,Cannery,High,14.6,NA
563,G,5,Recovery,34,6,6,2,0.641,,204.4,Vatia,Low,4.1,204.4
564,G,5,Recovery,34,6,6,3,0.578,,216.9,Fagatele,Low,0.3,NA
565,G,5,Recovery,34,4.5,3.5,1.5,0.647,,231.2,Coconut Point,NA,NA,NA
566,G,5,Stress,34,5.5,5,NA,NA,,129.1,Cannery,High,14.6,NA
567,G,5,Stress,34,6,4.5,NA,NA,,NA,Coconut Point,NA,NA,NA
568,G,5,Stress,34,6,6,NA,NA,,65.2,Vatia,Low,4.1,65.2
569,G,5,Stress,34,6,6,NA,NA,,71.5,Fagatele,Low,0.3,NA
570,G,5,Stress,34,6,6,NA,NA,,131.2,Faga'alu,Medium,6.7,NA
571,G,6,Recovery,34,5.5,4.5,1.5,0.617,,235.5,Coconut Point,NA,NA,NA
572,G,6,Recovery,34,5.5,5.5,1.5,0.639,,202.9,Faga'alu,Medium,6.7,NA
573,G,6,Recovery,34,5.5,5.5,2,0.614,,230,Fagatele,Low,0.3,NA
574,G,6,Recovery,34,6,5.5,2,0.657,,193.8,Cannery,High,14.6,NA
575,G,6,Recovery,34,6,5.5,5,0.627,,161.1,Vatia,Low,4.1,161.1
576,G,6,Stress,34,5,5,NA,NA,,NA,Coconut Point,NA,NA,NA
577,G,6,Stress,34,6,4.5,NA,NA,,135.4,Cannery,High,14.6,NA
578,G,6,Stress,34,6,5.5,NA,NA,,154.2,Faga'alu,Medium,6.7,NA
579,G,6,Stress,34,6,6,NA,NA,,58.5,Vatia,Low,4.1,58.5
580,G,6,Stress,34,6,6,NA,NA,,78.4,Fagatele,Low,0.3,NA
581,G,7,Recovery,34,5.5,5,2,0.611,,247.8,Fagatele,Low,0.3,NA
582,G,7,Recovery,34,5.5,5.5,3,0.608,,210.4,Vatia,Low,4.1,210.4
583,G,7,Recovery,34,6,5,1.5,0,,235.6,Faga'alu,Medium,6.7,NA
584,G,7,Recovery,34,6,5.5,2,0.629,,200.1,Cannery,High,14.6,NA
585,G,7,Recovery,34,6,5.5,2,0.641,,231.4,Coconut Point,NA,NA,NA
586,G,7,Stress,34,5.5,5,NA,NA,,151.3,Cannery,High,14.6,NA
587,G,7,Stress,34,5.5,5.5,NA,NA,,141,Vatia,Low,4.1,141
588,G,7,Stress,34,6,5,NA,NA,,156,Faga'alu,Medium,6.7,NA
589,G,7,Stress,34,6,5,NA,NA,,NA,Coconut Point,NA,NA,NA
590,G,7,Stress,34,6,5.5,NA,NA,,125.5,Fagatele,Low,0.3,NA
591,G,8,Recovery,34,5.5,5,4.5,0.597,,207.9,Coconut Point,NA,NA,NA
592,G,8,Recovery,34,6,5,2,0.642,,212.5,Faga'alu,Medium,6.7,NA
593,G,8,Recovery,34,6,5.5,2,0.63,,202.6,Vatia,Low,4.1,202.6
594,G,8,Recovery,34,6,5.5,3,0.596,,209.7,Fagatele,Low,0.3,NA
595,G,8,Recovery,34,6,6,3.5,0.596,,174.8,Cannery,High,14.6,NA
596,G,8,Stress,34,5.5,5.5,NA,NA,,104,Vatia,Low,4.1,104
597,G,8,Stress,34,6,5.5,NA,NA,,NA,Coconut Point,NA,NA,NA
598,G,8,Stress,34,6,6,NA,NA,,85,Fagatele,Low,0.3,NA
599,G,8,Stress,34,6,6,NA,NA,,85.8,Cannery,High,14.6,NA
600,G,8,Stress,34,6,6,NA,NA,,117.7,Faga'alu,Medium,6.7,NA
601,H,1,Recovery,35,5,4.5,2.5,0.648,,217.5,Coconut Point,NA,NA,NA
602,H,1,Recovery,35,5.5,4.5,1,0.619,,245,Fagatele,Low,0.3,NA
603,H,1,Recovery,35,6,5,2,0.675,,205.9,Faga'alu,Medium,6.7,NA
604,H,1,Recovery,35,6,6,3,0.664,,191.8,Cannery,High,14.6,NA
605,H,1,Recovery,35,6,6,3.5,0.615,,170.7,Vatia,Low,4.1,170.7
606,H,1,Stress,35,5.5,4,NA,NA,,NA,Coconut Point,NA,NA,NA
607,H,1,Stress,35,6,5.5,NA,NA,,85.1,Vatia,Low,4.1,85.1
608,H,1,Stress,35,6,5.5,NA,NA,,100.2,Cannery,High,14.6,NA
609,H,1,Stress,35,6,5.5,NA,NA,,150.8,Faga'alu,Medium,6.7,NA
610,H,1,Stress,35,6,6,NA,NA,,113.6,Fagatele,Low,0.3,NA
611,H,2,Recovery,35,5,4,2,0.66,,195.5,Faga'alu,Medium,6.7,NA
612,H,2,Recovery,35,6,5,2,0.617,,222,Coconut Point,NA,NA,NA
613,H,2,Recovery,35,6,6,2,0.577,,250.8,Fagatele,Low,0.3,NA
614,H,2,Recovery,35,6,6,3.5,0.661,,194.6,Vatia,Low,4.1,194.6
615,H,2,Recovery,35,6,6,4.5,0.664,,129.8,Cannery,High,14.6,NA
616,H,2,Stress,35,6,4,NA,NA,,176.3,Faga'alu,Medium,6.7,NA
617,H,2,Stress,35,6,5.5,NA,NA,,91,Vatia,Low,4.1,91
618,H,2,Stress,35,6,5.5,NA,NA,,114.1,Cannery,High,14.6,NA
619,H,2,Stress,35,6,5.5,NA,NA,,NA,Coconut Point,NA,NA,NA
620,H,2,Stress,35,6,6,NA,NA,,97.7,Fagatele,Low,0.3,NA
621,H,3,Recovery,35,5.5,4,1,0.647,,224,Coconut Point,NA,NA,NA
622,H,3,Recovery,35,5.5,5,3.5,0.641,,173.6,Vatia,Low,4.1,173.6
623,H,3,Recovery,35,5.5,5.5,1,0.611,,251.7,Fagatele,Low,0.3,NA
624,H,3,Recovery,35,6,5,2,0.556,,199.6,Faga'alu,Medium,6.7,NA
625,H,3,Recovery,35,6,6,2.5,0.643,,204,Cannery,High,14.6,NA
626,H,3,Stress,35,5,4,NA,NA,,154.2,Vatia,Low,4.1,154.2
627,H,3,Stress,35,5.5,4.5,NA,NA,,NA,Coconut Point,NA,NA,NA
628,H,3,Stress,35,6,5.5,NA,NA,,123.6,Cannery,High,14.6,NA
629,H,3,Stress,35,6,5.5,NA,NA,,163.2,Faga'alu,Medium,6.7,NA
630,H,3,Stress,35,6,6,NA,NA,,98.3,Fagatele,Low,0.3,NA
631,H,4,Recovery,35,5.5,5,2,0.618,,233.1,Coconut Point,NA,NA,NA
632,H,4,Recovery,35,5.5,5,3,0.561,,171.8,Vatia,Low,4.1,171.8
633,H,4,Recovery,35,6,4.5,1.5,0.602,,209.8,Faga'alu,Medium,6.7,NA
634,H,4,Recovery,35,6,5,2,0.576,,244.6,Fagatele,Low,0.3,NA
635,H,4,Recovery,35,6,6,2,0.614,,217.5,Cannery,High,14.6,NA
636,H,4,Stress,35,5.5,4,NA,NA,,182.1,Fagatele,Low,0.3,NA
637,H,4,Stress,35,5.5,5,NA,NA,,116.7,Vatia,Low,4.1,116.7
638,H,4,Stress,35,6,5,NA,NA,,157.5,Faga'alu,Medium,6.7,NA
639,H,4,Stress,35,6,5.5,NA,NA,,99.5,Cannery,High,14.6,NA
640,H,4,Stress,35,6,5.5,NA,NA,,NA,Coconut Point,NA,NA,NA
641,H,5,Recovery,35,5.5,5,2.5,0.611,,161.9,Cannery,High,14.6,NA
642,H,5,Recovery,35,5.5,5.5,1.5,0.665,,197.4,Faga'alu,Medium,6.7,NA
643,H,5,Recovery,35,6,5,4.5,0.633,,179,Vatia,Low,4.1,179
644,H,5,Recovery,35,6,5.5,2,0.616,,203.8,Coconut Point,NA,NA,NA
645,H,5,Recovery,35,6,6,3.5,0.627,,218.8,Fagatele,Low,0.3,NA
646,H,5,Stress,35,5.5,4.5,NA,NA,,NA,Coconut Point,NA,NA,NA
647,H,5,Stress,35,5.5,5,NA,NA,,131.2,Cannery,High,14.6,NA
648,H,5,Stress,35,6,5.5,NA,NA,,85.8,Vatia,Low,4.1,85.8
649,H,5,Stress,35,6,5.5,NA,NA,,142.3,Faga'alu,Medium,6.7,NA
650,H,5,Stress,35,6,6,NA,NA,,59.8,Fagatele,Low,0.3,NA
651,H,6,Recovery,35,5.5,4.5,1,0.638,,231,Coconut Point,NA,NA,NA
652,H,6,Recovery,35,6,5,2,0.672,,199.9,Faga'alu,Medium,6.7,NA
653,H,6,Recovery,35,6,5,3,0.631,,193,Cannery,High,14.6,NA
654,H,6,Recovery,35,6,5.5,1.5,0.605,,239.2,Fagatele,Low,0.3,NA
655,H,6,Recovery,35,6,6,5.5,0.588,,128.6,Vatia,Low,4.1,128.6
656,H,6,Stress,35,5.5,4,NA,NA,,161.5,Cannery,High,14.6,NA
657,H,6,Stress,35,6,5,NA,NA,,NA,Coconut Point,NA,NA,NA
658,H,6,Stress,35,6,6,NA,NA,,70,Vatia,Low,4.1,70
659,H,6,Stress,35,6,6,NA,NA,,86.4,Fagatele,Low,0.3,NA
660,H,6,Stress,35,6,6,NA,NA,,144.5,Faga'alu,Medium,6.7,NA
661,H,7,Recovery,35,6,5,2,0.611,,238.9,Coconut Point,NA,NA,NA
662,H,7,Recovery,35,6,5,2,0.661,,223.6,Cannery,High,14.6,NA
663,H,7,Recovery,35,6,5.5,2,0.589,,204.3,Faga'alu,Medium,6.7,NA
664,H,7,Recovery,35,6,6,2,0.627,,216,Fagatele,Low,0.3,NA
665,H,7,Recovery,35,6,6,3,0.642,,241.3,Vatia,Low,4.1,241.3
666,H,7,Stress,35,5,4,NA,NA,,171.6,Vatia,Low,4.1,171.6
667,H,7,Stress,35,5.5,5,NA,NA,,129.9,Fagatele,Low,0.3,NA
668,H,7,Stress,35,5.5,5,NA,NA,,181,Faga'alu,Medium,6.7,NA
669,H,7,Stress,35,6,5.5,NA,NA,,102,Cannery,High,14.6,NA
670,H,7,Stress,35,6,6,NA,NA,,NA,Coconut Point,NA,NA,NA
671,H,8,Recovery,35,5.5,5.5,3,0.619,,200.4,Vatia,Low,4.1,200.4
672,H,8,Recovery,35,5.5,5.5,4,0.563,,167,Coconut Point,NA,NA,NA
673,H,8,Recovery,35,6,5.5,2.5,0.643,,215.4,Cannery,High,14.6,NA
674,H,8,Recovery,35,6,6,2,0.6,,212.5,Fagatele,Low,0.3,NA
675,H,8,Recovery,35,6,6,4.5,0.639,,144.6,Faga'alu,Medium,6.7,NA
676,H,8,Stress,35,5.5,4,NA,NA,,164.7,Cannery,High,14.6,NA
677,H,8,Stress,35,5.5,5,NA,NA,,100.3,Vatia,Low,4.1,100.3
678,H,8,Stress,35,5.5,5,NA,NA,,NA,Coconut Point,NA,NA,NA
679,H,8,Stress,35,6,4,NA,NA,,179.3,Faga'alu,Medium,6.7,NA
680,H,8,Stress,35,6,5.5,NA,NA,,88.7,Fagatele,Low,0.3,NA