"","Tank","Colony","Time.point","Ramp","Coral.Watch.Color1","Coral.Watch.Color2","Coral.Watch.Color3","PAM..Fv.Fm.","Site","LBSP","pop2016","DIN","AverageRed"
"1","A",1,"Recovery","28","5","4.5","4","0.624","Faga'tele","Low","0","0.3",156.9
"2","A",1,"Recovery","28","5.5","5","4.5","0.668","Coconut Point","High","6707","48.8",161.5
"3","A",1,"Recovery","28","5.5","5.5","4.5","0.615","Vatia","Low","640","4.1",162.2
"4","A",1,"Recovery","28","6","6","5","0.626","Cannery","High","9276","5.4",94.8
"5","A",1,"Recovery","28","6","6","5.5","0.61","Faga'alu","Medium","910","6.7",134.8
"6","A",1,"Stress","28","5","5.5",NA,"0.61","Vatia","Low","640","4.1",111
"7","A",1,"Stress","28","5.5","5.5",NA,"0.627","Cannery","High","9276","5.4",120
"8","A",1,"Stress","28","6","6",NA,"0.65","Faga'alu","Medium","910","6.7",135.8
"9","A",1,"Stress","28","6","6",NA,"0.605","Faga'tele","Low","0","0.3",68.3
"10","A",1,"Stress","28","4.5","5.5",NA,"0.667","Coconut Point","High","6707","48.8",NA
"11","A",2,"Recovery","28","5.5","5","5.5","0.624","Faga'alu","Medium","910","6.7",134.2
"12","A",2,"Recovery","28","5.5","5.5","5","0.638","Vatia","Low","640","4.1",152.5
"13","A",2,"Recovery","28","6","6","5.5","0.652","Faga'tele","Low","0","0.3",148.6
"14","A",2,"Recovery","28","6","6","5.5","0.671","Cannery","High","9276","5.4",126.9
"15","A",2,"Recovery","28","6",NA,NA,NA,"Coconut Point","High","6707","48.8",NA
"16","A",2,"Stress","28","5","5",NA,"0.598","Faga'alu","Medium","910","6.7",164.6
"17","A",2,"Stress","28","6","5.5",NA,"0.647","Coconut Point","High","6707","48.8",NA
"18","A",2,"Stress","28","6","6",NA,"0.645","Vatia","Low","640","4.1",44.2
"19","A",2,"Stress","28","6","6",NA,"0.672","Cannery","High","9276","5.4",129.7
"20","A",2,"Stress","28","6","6",NA,"0.612","Faga'tele","Low","0","0.3",84.8
"21","A",3,"Recovery","28","5.5","5","5","0.647","Coconut Point","High","6707","48.8",168.5
"22","A",3,"Recovery","28","6","5.5","5","0.647","Vatia","Low","640","4.1",141
"23","A",3,"Recovery","28","6","6","5","0.587","Faga'alu","Medium","910","6.7",146.7
"24","A",3,"Recovery","28","6","6","5","0.604","Faga'tele","Low","0","0.3",205.7
"25","A",3,"Recovery","28","6","6","6","0.636","Cannery","High","9276","5.4",84.5
"26","A",3,"Stress","28","5.5","5",NA,"0.628","Faga'tele","Low","0","0.3",120.8
"27","A",3,"Stress","28","5.5","5.5",NA,"0.653","Cannery","High","9276","5.4",118.3
"28","A",3,"Stress","28","6","5",NA,"0.677","Coconut Point","High","6707","48.8",NA
"29","A",3,"Stress","28","6","5.5",NA,"0.61","Vatia","Low","640","4.1",92.1
"30","A",3,"Stress","28","6","5.5",NA,"0.62","Faga'alu","Medium","910","6.7",137.7
"31","A",4,"Recovery","28","5","5","4","0.622","Vatia","Low","640","4.1",239.3
"32","A",4,"Recovery","28","5.5","5.5","5","0.606","Faga'alu","Medium","910","6.7",151.8
"33","A",4,"Recovery","28","6","5.5","5","0.646","Coconut Point","High","6707","48.8",153.6
"34","A",4,"Recovery","28","6","5.5","5","0.603","Faga'tele","Low","0","0.3",169.1
"35","A",4,"Recovery","28","6","6","6","0.677","Cannery","High","9276","5.4",133.4
"36","A",4,"Stress","28","5","5",NA,"0.653","Coconut Point","High","6707","48.8",NA
"37","A",4,"Stress","28","5","5",NA,"0.658","Faga'alu","Medium","910","6.7",153.6
"38","A",4,"Stress","28","6","5",NA,"0.636","Faga'tele","Low","0","0.3",152.5
"39","A",4,"Stress","28","6","5.5",NA,"0.527","Vatia","Low","640","4.1",100.2
"40","A",4,"Stress","28","6","6",NA,"0.67","Cannery","High","9276","5.4",96.5
"41","A",5,"Recovery","28","5","5","4.5","0.629","Coconut Point","High","6707","48.8",171.4
"42","A",5,"Recovery","28","5.5","5.5","4.5","0.649","Cannery","High","9276","5.4",115.9
"43","A",5,"Recovery","28","5.5","5.5","5.5","0.62","Faga'alu","Medium","910","6.7",136.1
"44","A",5,"Recovery","28","6","6","5.5","0.65","Vatia","Low","640","4.1",122.8
"45","A",5,"Recovery","28","6","6","5.5","0.587","Faga'tele","Low","0","0.3",169
"46","A",5,"Stress","28","5","5",NA,"0.636","Coconut Point","High","6707","48.8",NA
"47","A",5,"Stress","28","6","5.5",NA,"0.61","Faga'alu","Medium","910","6.7",157.7
"48","A",5,"Stress","28","6","6",NA,"0.644","Vatia","Low","640","4.1",83.6
"49","A",5,"Stress","28","6","6",NA,"0.653","Cannery","High","9276","5.4",97.8
"50","A",5,"Stress","28","6","6",NA,"0.593","Faga'tele","Low","0","0.3",83.8
"51","A",6,"Recovery","28","5.5","6","4.5","0.65","Faga'tele","Low","0","0.3",165.6
"52","A",6,"Recovery","28","6","5.5","5","0.639","Cannery","High","9276","5.4",140.3
"53","A",6,"Recovery","28","6","6","5","0.619","Faga'alu","Medium","910","6.7",153
"54","A",6,"Recovery","28","6","6","5.5","0.676","Vatia","Low","640","4.1",114.5
"55","A",6,"Recovery","28","4.5","4.5","3.5","0.653","Coconut Point","High","6707","48.8",209.3
"56","A",6,"Stress","28","5.5","5.5",NA,"0.663","Coconut Point","High","6707","48.8",NA
"57","A",6,"Stress","28","5.5","5.5",NA,"0.665","Faga'alu","Medium","910","6.7",137.5
"58","A",6,"Stress","28","6","6",NA,"0.665","Cannery","High","9276","5.4",134.5
"59","A",6,"Stress","28","6","6",NA,"0.665","Faga'tele","Low","0","0.3",79.4
"60","A",6,"Stress","28","6","6",NA,"0.672","Vatia","Low","640","4.1",86
"61","A",7,"Recovery","28","5","4.5","3.5","0.611","Vatia","Low","640","4.1",175.5
"62","A",7,"Recovery","28","6","5.5","5","0.665","Coconut Point","High","6707","48.8",181.5
"63","A",7,"Recovery","28","6","5.5","5.5","0.633","Faga'alu","Medium","910","6.7",152.1
"64","A",7,"Recovery","28","6","6","5.5","0.64","Faga'tele","Low","0","0.3",154.2
"65","A",7,"Recovery","28","6","6","6","0.663","Cannery","High","9276","5.4",125.5
"66","A",7,"Stress","28","5.5","5.5",NA,"0.65","Cannery","High","9276","5.4",136.7
"67","A",7,"Stress","28","5.5","6",NA,"0.586","Faga'alu","Medium","910","6.7",144.5
"68","A",7,"Stress","28","6","5.5",NA,"0.641","Faga'tele","Low","0","0.3",87.9
"69","A",7,"Stress","28","6","5.5",NA,"0.658","Coconut Point","High","6707","48.8",NA
"70","A",7,"Stress","28","6","6",NA,"0.626","Vatia","Low","640","4.1",113.5
"71","A",8,"Recovery","28","5.5","5","5","0.639","Vatia","Low","640","4.1",155.9
"72","A",8,"Recovery","28","5.5","5.5","4.5","0.624","Faga'alu","Medium","910","6.7",146.8
"73","A",8,"Recovery","28","6","6","4.5","0.659","Faga'tele","Low","0","0.3",151
"74","A",8,"Recovery","28","6","6","5","0.633","Coconut Point","High","6707","48.8",137.2
"75","A",8,"Recovery","28","6","6","5.5","0.636","Cannery","High","9276","5.4",99.8
"76","A",8,"Stress","28","5","5",NA,"0.631","Vatia","Low","640","4.1",101.5
"77","A",8,"Stress","28","6","5.5",NA,"0.606","Coconut Point","High","6707","48.8",NA
"78","A",8,"Stress","28","6","6",NA,"0.64","Faga'alu","Medium","910","6.7",89.4
"79","A",8,"Stress","28","6","6",NA,"0.669","Faga'tele","Low","0","0.3",99.5
"80","A",8,"Stress","28","6","6",NA,"0.685","Cannery","High","9276","5.4",110.8
"81","B",1,"Recovery","33","5.5","5","3.5","0.612","Coconut Point","High","6707","48.8",188.6
"82","B",1,"Recovery","33","5.5","5.5","2.5","0.609","Vatia","Low","640","4.1",183.2
"83","B",1,"Recovery","33","6","6","2.5","0.614","Faga'tele","Low","0","0.3",243.5
"84","B",1,"Recovery","33","6","6","4.5","0.645","Cannery","High","9276","5.4",125.4
"85","B",1,"Recovery","33","6","6","5.5","0.649","Faga'alu","Medium","910","6.7",142.3
"86","B",1,"Stress","33","5","5",NA,"0.62","Vatia","Low","640","4.1",88.3
"87","B",1,"Stress","33","5.5","5.5",NA,"0.648","Coconut Point","High","6707","48.8",NA
"88","B",1,"Stress","33","6","5",NA,"0.627","Cannery","High","9276","5.4",100.4
"89","B",1,"Stress","33","6","5.5",NA,"0.52","Faga'alu","Medium","910","6.7",153.1
"90","B",1,"Stress","33","6","6",NA,"0.622","Faga'tele","Low","0","0.3",66.2
"91","B",2,"Recovery","33","5.5","5","3.5","0.633","Faga'alu","Medium","910","6.7",177.4
"92","B",2,"Recovery","33","6","5","3.5","0.598","Coconut Point","High","6707","48.8",201.5
"93","B",2,"Recovery","33","6","5.5","3.5","0.633","Cannery","High","9276","5.4",206.3
"94","B",2,"Recovery","33","6","6","2","0.64","Vatia","Low","640","4.1",228.2
"95","B",2,"Recovery","33","6","6","2.5","0.645","Faga'tele","Low","0","0.3",211
"96","B",2,"Stress","33","5.5","4.5",NA,"0.658","Coconut Point","High","6707","48.8",NA
"97","B",2,"Stress","33","5.5","5",NA,"0.629","Faga'alu","Medium","910","6.7",156.7
"98","B",2,"Stress","33","6","5.5",NA,"0.672","Cannery","High","9276","5.4",114.5
"99","B",2,"Stress","33","6","6",NA,"0.617","Vatia","Low","640","4.1",75.3
"100","B",2,"Stress","33","6","6",NA,"0.637","Faga'tele","Low","0","0.3",95
"101","B",3,"Recovery","33","5","3.5","3.5","0.64","Coconut Point","High","6707","48.8",214.8
"102","B",3,"Recovery","33","6","5.5","2","0.631","Faga'alu","Medium","910","6.7",227.9
"103","B",3,"Recovery","33","6","6","2","0.654","Vatia","Low","640","4.1",237.4
"104","B",3,"Recovery","33","6","6","3","0.618","Faga'tele","Low","0","0.3",232.1
"105","B",3,"Recovery","33","6","6","5.5","0.633","Cannery","High","9276","5.4",149.8
"106","B",3,"Stress","33","5","5",NA,"0.634","Vatia","Low","640","4.1",153.2
"107","B",3,"Stress","33","5.5","4.5",NA,"0.629","Coconut Point","High","6707","48.8",NA
"108","B",3,"Stress","33","5.5","5.5",NA,"0.658","Cannery","High","9276","5.4",125.9
"109","B",3,"Stress","33","6","6",NA,"0.61","Faga'tele","Low","0","0.3",84
"110","B",3,"Stress","33","6","6",NA,"0.673","Faga'alu","Medium","910","6.7",120.7
"111","B",4,"Recovery","33","5.5","5.5","3","0.576","Vatia","Low","640","4.1",186.5
"112","B",4,"Recovery","33","5.5","5.5","3.5","0.645","Coconut Point","High","6707","48.8",230.6
"113","B",4,"Recovery","33","6","5.5","4.5","0.586","Cannery","High","9276","5.4",193.2
"114","B",4,"Recovery","33","6","6","2","0.662","Faga'alu","Medium","910","6.7",227.2
"115","B",4,"Recovery","33","6","6","4.5","0.612","Faga'tele","Low","0","0.3",214.6
"116","B",4,"Stress","33","5.5","5",NA,"0.659","Faga'alu","Medium","910","6.7",153.7
"117","B",4,"Stress","33","5.5","5",NA,"0.605","Vatia","Low","640","4.1",126.6
"118","B",4,"Stress","33","6","4.5",NA,"0.667","Coconut Point","High","6707","48.8",NA
"119","B",4,"Stress","33","6","6",NA,"0.668","Cannery","High","9276","5.4",98.7
"120","B",4,"Stress","33","6","6",NA,"0.637","Faga'tele","Low","0","0.3",94.5
"121","B",5,"Recovery","33","5","5","4","0.625","Cannery","High","9276","5.4",189
"122","B",5,"Recovery","33","6","5.5","2.5","0.655","Vatia","Low","640","4.1",214.5
"123","B",5,"Recovery","33","6","6","4.5","0.645","Faga'tele","Low","0","0.3",151.9
"124","B",5,"Recovery","33","6","6","4.5","0.613","Faga'alu","Medium","910","6.7",149.5
"125","B",5,"Recovery","33","4.5","4.5","3.5","0.65","Coconut Point","High","6707","48.8",193.9
"126","B",5,"Stress","33","5.5","5.5",NA,"0.596","Faga'alu","Medium","910","6.7",150
"127","B",5,"Stress","33","6","5.5",NA,"0.667","Cannery","High","9276","5.4",109.2
"128","B",5,"Stress","33","6","6",NA,"0.658","Vatia","Low","640","4.1",76.2
"129","B",5,"Stress","33","6","6",NA,"0.616","Faga'tele","Low","0","0.3",100.3
"130","B",5,"Stress","33","4.5","3.5",NA,"0.647","Coconut Point","High","6707","48.8",NA
"131","B",6,"Recovery","33","5.5","5.5","2.5","0.605","Faga'alu","Medium","910","6.7",185.2
"132","B",6,"Recovery","33","6","5","3.5","0.648","Coconut Point","High","6707","48.8",167.1
"133","B",6,"Recovery","33","6","5.5","5","0.61","Vatia","Low","640","4.1",164
"134","B",6,"Recovery","33","6","6","4","0.608","Faga'tele","Low","0","0.3",176.8
"135","B",6,"Recovery","33","6","6","4.5","0.676","Cannery","High","9276","5.4",143.1
"136","B",6,"Stress","33","5","4",NA,"0.632","Coconut Point","High","6707","48.8",NA
"137","B",6,"Stress","33","6","5",NA,"0.667","Cannery","High","9276","5.4",145.9
"138","B",6,"Stress","33","6","5.5",NA,"0.663","Faga'alu","Medium","910","6.7",146
"139","B",6,"Stress","33","6","6",NA,"0.629","Faga'tele","Low","0","0.3",67.3
"140","B",6,"Stress","33","6","6",NA,"0.664","Vatia","Low","640","4.1",60.2
"141","B",7,"Recovery","33","5.5","5","2","0.627","Vatia","Low","640","4.1",240.2
"142","B",7,"Recovery","33","5.5","5.5","4","0.653","Cannery","High","9276","5.4",165
"143","B",7,"Recovery","33","6","5.5","1.5","0.666","Faga'alu","Medium","910","6.7",213.8
"144","B",7,"Recovery","33","6","5.5","2.5","0.631","Coconut Point","High","6707","48.8",220.2
"145","B",7,"Recovery","33","6","6","4","0.57","Faga'tele","Low","0","0.3",182.6
"146","B",7,"Stress","33","5.5","5",NA,"0.65","Vatia","Low","640","4.1",112.1
"147","B",7,"Stress","33","5.5","5",NA,"0.646","Faga'alu","Medium","910","6.7",154.2
"148","B",7,"Stress","33","5.5","5.5",NA,"0.621","Faga'tele","Low","0","0.3",85.7
"149","B",7,"Stress","33","6","5.5",NA,"0.633","Coconut Point","High","6707","48.8",NA
"150","B",7,"Stress","33","6","6",NA,"0.669","Cannery","High","9276","5.4",130.1
"151","B",8,"Recovery","33","5","5","2.5","0.644","Vatia","Low","640","4.1",200.4
"152","B",8,"Recovery","33","5.5","5.5","5","0.63","Cannery","High","9276","5.4",104.2
"153","B",8,"Recovery","33","5.5","3.5","3.5","0.557","Coconut Point","High","6707","48.8",186.4
"154","B",8,"Recovery","33","6","5","2","0.651","Faga'alu","Medium","910","6.7",216.5
"155","B",8,"Recovery","33","6","6","2.5","0.653","Faga'tele","Low","0","0.3",245.3
"156","B",8,"Stress","33","5","3.5",NA,"0.588","Coconut Point","High","6707","48.8",NA
"157","B",8,"Stress","33","6","5.5",NA,"0.651","Faga'alu","Medium","910","6.7",127.8
"158","B",8,"Stress","33","6","6",NA,"0.652","Cannery","High","9276","5.4",73.7
"159","B",8,"Stress","33","6","6",NA,"0.575","Vatia","Low","640","4.1",78.4
"160","B",8,"Stress","33","6","6",NA,"0.634","Faga'tele","Low","0","0.3",82.5
"161","C",1,"Recovery","34","5.5","4.5","2","0.677","Cannery","High","9276","5.4",208.9
"162","C",1,"Recovery","34","5.5","5","3.5","0.605","Faga'alu","Medium","910","6.7",196.5
"163","C",1,"Recovery","34","5.5","5.5","2.5","0.668","Coconut Point","High","6707","48.8",173.5
"164","C",1,"Recovery","34","5.5","5.5","4.5","0.612","Vatia","Low","640","4.1",189.2
"165","C",1,"Recovery","34","6","6","1.5","0.587","Faga'tele","Low","0","0.3",246.2
"166","C",1,"Stress","34","5","4",NA,"0.638","Coconut Point","High","6707","48.8",NA
"167","C",1,"Stress","34","6","6",NA,"0.611","Faga'alu","Medium","910","6.7",113.5
"168","C",1,"Stress","34","6","6",NA,"0.638","Cannery","High","9276","5.4",101.6
"169","C",1,"Stress","34","6","6",NA,"0.66","Vatia","Low","640","4.1",106.6
"170","C",1,"Stress","34","6","6",NA,"0.605","Faga'tele","Low","0","0.3",136
"171","C",2,"Recovery","34","5.5","4.5","2","0.656","Coconut Point","High","6707","48.8",229.3
"172","C",2,"Recovery","34","6","5.5","3.5","0.611","Cannery","High","9276","5.4",212.4
"173","C",2,"Recovery","34","6","6","2.5","0.615","Vatia","Low","640","4.1",216.5
"174","C",2,"Recovery","34","6","6","2.5","0.629","Faga'tele","Low","0","0.3",241.6
"175","C",2,"Recovery","34","3.5","3","2.5","0.524","Faga'alu","Medium","910","6.7",208.7
"176","C",2,"Stress","34","6","5",NA,"0.636","Faga'alu","Medium","910","6.7",125.1
"177","C",2,"Stress","34","6","5.5",NA,"0.658","Cannery","High","9276","5.4",121.6
"178","C",2,"Stress","34","6","5.5",NA,"0.661","Coconut Point","High","6707","48.8",NA
"179","C",2,"Stress","34","6","6",NA,"0.641","Vatia","Low","640","4.1",61.5
"180","C",2,"Stress","34","6","6",NA,"0.594","Faga'tele","Low","0","0.3",111.9
"181","C",3,"Recovery","34","5.5","5","3","0.635","Vatia","Low","640","4.1",221.5
"182","C",3,"Recovery","34","6","5","3","0.628","Coconut Point","High","6707","48.8",182.9
"183","C",3,"Recovery","34","6","5","3.5","0.622","Faga'alu","Medium","910","6.7",166.4
"184","C",3,"Recovery","34","6","6","4","0.611","Faga'tele","Low","0","0.3",205.9
"185","C",3,"Recovery","34","6","6","4.5","0.671","Cannery","High","9276","5.4",145.9
"186","C",3,"Stress","34","5","3.5",NA,"0.638","Coconut Point","High","6707","48.8",NA
"187","C",3,"Stress","34","5.5","5.5",NA,"0.626","Vatia","Low","640","4.1",136
"188","C",3,"Stress","34","6","5.5",NA,"0.659","Cannery","High","9276","5.4",105.8
"189","C",3,"Stress","34","6","5.5",NA,"0.603","Faga'alu","Medium","910","6.7",122.4
"190","C",3,"Stress","34","6","6",NA,"0.58","Faga'tele","Low","0","0.3",93.6
"191","C",4,"Recovery","34","5","4","2","0.615","Faga'alu","Medium","910","6.7",205
"192","C",4,"Recovery","34","5","5","3","0.568","Faga'tele","Low","0","0.3",222.4
"193","C",4,"Recovery","34","6","6","2.5","0.659","Cannery","High","9276","5.4",213.9
"194","C",4,"Recovery","34","6","6","2.5","0.671","Coconut Point","High","6707","48.8",200.8
"195","C",4,"Recovery","34","6","6","3","0.634","Vatia","Low","640","4.1",190
"196","C",4,"Stress","34","5","5",NA,"0.593","Coconut Point","High","6707","48.8",NA
"197","C",4,"Stress","34","5","5",NA,"0.62","Vatia","Low","640","4.1",151
"198","C",4,"Stress","34","5.5","5",NA,"0.629","Faga'tele","Low","0","0.3",156.4
"199","C",4,"Stress","34","5.5","5",NA,"0.642","Faga'alu","Medium","910","6.7",160.2
"200","C",4,"Stress","34","6","5.5",NA,"0.661","Cannery","High","9276","5.4",107.5
"201","C",5,"Recovery","34","5","5","2.5","0.638","Coconut Point","High","6707","48.8",194
"202","C",5,"Recovery","34","6","5.5","2.5","0.662","Vatia","Low","640","4.1",197.8
"203","C",5,"Recovery","34","6","6","2.5","0.663","Cannery","High","9276","5.4",164.9
"204","C",5,"Recovery","34","6","6","3.5","0.613","Faga'alu","Medium","910","6.7",180.6
"205","C",5,"Recovery","34","6","6","4","0.623","Faga'tele","Low","0","0.3",199.2
"206","C",5,"Stress","34","6","5",NA,"0.608","Faga'alu","Medium","910","6.7",127.6
"207","C",5,"Stress","34","6","5.5",NA,"0.671","Cannery","High","9276","5.4",98.8
"208","C",5,"Stress","34","6","6",NA,"0.611","Vatia","Low","640","4.1",72.2
"209","C",5,"Stress","34","6","6",NA,"0.609","Faga'tele","Low","0","0.3",95.1
"210","C",5,"Stress","34","4.5","4",NA,"0.631","Coconut Point","High","6707","48.8",NA
"211","C",6,"Recovery","34","5.5","4.5","2","0.641","Cannery","High","9276","5.4",220
"212","C",6,"Recovery","34","5.5","5.5","2","0.659","Coconut Point","High","6707","48.8",194.3
"213","C",6,"Recovery","34","6","5.5","3","0.624","Faga'alu","Medium","910","6.7",190.7
"214","C",6,"Recovery","34","6","5.5","3","0.646","Faga'tele","Low","0","0.3",233.9
"215","C",6,"Recovery","34","6","5.5","4.5","0.657","Vatia","Low","640","4.1",168.4
"216","C",6,"Stress","34","6","5",NA,"0.626","Cannery","High","9276","5.4",157.2
"217","C",6,"Stress","34","6","5.5",NA,"0.61","Vatia","Low","640","4.1",103.9
"218","C",6,"Stress","34","6","5.5",NA,"0.648","Faga'alu","Medium","910","6.7",139.9
"219","C",6,"Stress","34","6","6",NA,"0.621","Faga'tele","Low","0","0.3",74.9
"220","C",6,"Stress","34","4.5","5",NA,"0.624","Coconut Point","High","6707","48.8",NA
"221","C",7,"Recovery","34","6","5.5","2.5","0.594","Vatia","Low","640","4.1",222.6
"222","C",7,"Recovery","34","6","5.5","3","0.631","Coconut Point","High","6707","48.8",230
"223","C",7,"Recovery","34","6","6","3.5","0.669","Faga'alu","Medium","910","6.7",207.7
"224","C",7,"Recovery","34","6","6","4","0.627","Faga'tele","Low","0","0.3",214.3
"225","C",7,"Recovery","34","6","6","5.5","0.636","Cannery","High","9276","5.4",129.2
"226","C",7,"Stress","34","5","4.5",NA,"0.6","Vatia","Low","640","4.1",141.1
"227","C",7,"Stress","34","5","5",NA,"0.619","Faga'alu","Medium","910","6.7",169.6
"228","C",7,"Stress","34","5.5","5.5",NA,"0.632","Faga'tele","Low","0","0.3",100.5
"229","C",7,"Stress","34","6","5",NA,"0.647","Coconut Point","High","6707","48.8",NA
"230","C",7,"Stress","34","6","5.5",NA,"0.644","Cannery","High","9276","5.4",144.6
"231","C",8,"Recovery","34","5.5","5","3.5","0.61","Coconut Point","High","6707","48.8",176.3
"232","C",8,"Recovery","34","6","5.5","2.5","0.59","Cannery","High","9276","5.4",206.4
"233","C",8,"Recovery","34","6","5.5","4","0.669","Vatia","Low","640","4.1",168.4
"234","C",8,"Recovery","34","6","6","3","0.621","Faga'alu","Medium","910","6.7",190.9
"235","C",8,"Recovery","34","6","6","4.5","0.625","Faga'tele","Low","0","0.3",201.5
"236","C",8,"Stress","34","5.5","5",NA,"0.623","Vatia","Low","640","4.1",83.2
"237","C",8,"Stress","34","6","5.5",NA,"0.658","Coconut Point","High","6707","48.8",NA
"238","C",8,"Stress","34","6","5.5",NA,"0.57","Faga'alu","Medium","910","6.7",143.5
"239","C",8,"Stress","34","6","6",NA,"0.628","Cannery","High","9276","5.4",84.7
"240","C",8,"Stress","34","6","6",NA,"0.597","Faga'tele","Low","0","0.3",112.1
"241","D",1,"Recovery","35","5","5.5","2","0.645","Vatia","Low","640","4.1",222.5
"242","D",1,"Recovery","35","5.5","4.5","1","0.547","Faga'tele","Low","0","0.3",247.1
"243","D",1,"Recovery","35","5.5","5","2","0.63","Faga'alu","Medium","910","6.7",219.2
"244","D",1,"Recovery","35","5.5","5.5","2.5","0.655","Coconut Point","High","6707","48.8",205.9
"245","D",1,"Recovery","35","6","6","2.5","0.64","Cannery","High","9276","5.4",171.9
"246","D",1,"Stress","35","5.5","5",NA,"0.644","Faga'alu","Medium","910","6.7",153
"247","D",1,"Stress","35","5.5","5",NA,"0.662","Cannery","High","9276","5.4",159.9
"248","D",1,"Stress","35","5.5","5.5",NA,"0.653","Coconut Point","High","6707","48.8",NA
"249","D",1,"Stress","35","6","5.5",NA,"0.609","Faga'tele","Low","0","0.3",84.4
"250","D",1,"Stress","35","6","6",NA,"0.643","Vatia","Low","640","4.1",81.4
"251","D",2,"Recovery","35","5.5","4","2.5","0.586","Faga'alu","Medium","910","6.7",193.9
"252","D",2,"Recovery","35","6","5","2","0.652","Coconut Point","High","6707","48.8",246.2
"253","D",2,"Recovery","35","6","5.5","1.5","0.625","Faga'tele","Low","0","0.3",238.4
"254","D",2,"Recovery","35","6","5.5","1.5","0.649","Vatia","Low","640","4.1",209.3
"255","D",2,"Recovery","35","6","5.5","4.5","0.666","Cannery","High","9276","5.4",208.2
"256","D",2,"Stress","35","5.5","4.5",NA,"0.647","Faga'alu","Medium","910","6.7",155.2
"257","D",2,"Stress","35","5.5","4.5",NA,"0.591","Faga'tele","Low","0","0.3",134.7
"258","D",2,"Stress","35","6","5.5",NA,"0.628","Cannery","High","9276","5.4",143.3
"259","D",2,"Stress","35","6","5.5",NA,"0.655","Coconut Point","High","6707","48.8",NA
"260","D",2,"Stress","35","6","6",NA,"0.63","Vatia","Low","640","4.1",97.6
"261","D",3,"Recovery","35","5","4","2","0.619","Coconut Point","High","6707","48.8",237.4
"262","D",3,"Recovery","35","5.5","5","2.5","0.632","Vatia","Low","640","4.1",183
"263","D",3,"Recovery","35","5.5","5.5","2","0.575","Faga'tele","Low","0","0.3",241.1
"264","D",3,"Recovery","35","6","5.5","2","0.656","Cannery","High","9276","5.4",212.4
"265","D",3,"Recovery","35","6","6","2","0.621","Faga'alu","Medium","910","6.7",186.6
"266","D",3,"Stress","35","5.5","3.5",NA,"0.632","Coconut Point","High","6707","48.8",NA
"267","D",3,"Stress","35","6","5.5",NA,"0.67","Cannery","High","9276","5.4",113.9
"268","D",3,"Stress","35","6","5.5",NA,"0.62","Faga'alu","Medium","910","6.7",116.9
"269","D",3,"Stress","35","6","6",NA,"0.657","Vatia","Low","640","4.1",119.5
"270","D",3,"Stress","35","6","6",NA,"0.598","Faga'tele","Low","0","0.3",107.6
"271","D",4,"Recovery","35","5.5","5","2","0.598","Vatia","Low","640","4.1",213.1
"272","D",4,"Recovery","35","6","4","2","0.625","Faga'alu","Medium","910","6.7",207.9
"273","D",4,"Recovery","35","6","5.5","2","0.667","Coconut Point","High","6707","48.8",223.4
"274","D",4,"Recovery","35","6","6","2","0.614","Faga'tele","Low","0","0.3",223.5
"275","D",4,"Recovery","35","6","6","4.5","0.653","Cannery","High","9276","5.4",150.1
"276","D",4,"Stress","35","5.5","5",NA,"0.627","Coconut Point","High","6707","48.8",NA
"277","D",4,"Stress","35","5.5","5.5",NA,"0.627","Vatia","Low","640","4.1",139.1
"278","D",4,"Stress","35","6","5",NA,"0.65","Faga'alu","Medium","910","6.7",136
"279","D",4,"Stress","35","6","6",NA,"0.655","Cannery","High","9276","5.4",132
"280","D",4,"Stress","35","6","6",NA,"0.554","Faga'tele","Low","0","0.3",125.2
"281","D",5,"Recovery","35","5","4.5","2","0.638","Coconut Point","High","6707","48.8",216.8
"282","D",5,"Recovery","35","5.5","5.5","2","0.649","Vatia","Low","640","4.1",216.1
"283","D",5,"Recovery","35","6","5.5","4","0.665","Cannery","High","9276","5.4",111
"284","D",5,"Recovery","35","6","6","2","0.601","Faga'alu","Medium","910","6.7",203.4
"285","D",5,"Recovery","35","6","6","4","0.616","Faga'tele","Low","0","0.3",170
"286","D",5,"Stress","35","5","4",NA,"0.605","Coconut Point","High","6707","48.8",NA
"287","D",5,"Stress","35","6","5.5",NA,"0.655","Vatia","Low","640","4.1",104.7
"288","D",5,"Stress","35","6","6",NA,"0.64","Faga'alu","Medium","910","6.7",133.8
"289","D",5,"Stress","35","6","6",NA,"0.654","Cannery","High","9276","5.4",106.5
"290","D",5,"Stress","35","6","6",NA,"0.657","Faga'tele","Low","0","0.3",79.2
"291","D",6,"Recovery","35","5","5","1.5","0.649","Coconut Point","High","6707","48.8",239.3
"292","D",6,"Recovery","35","6","5.5","2","0.654","Cannery","High","9276","5.4",192.3
"293","D",6,"Recovery","35","6","5.5","2.5","0.637","Faga'alu","Medium","910","6.7",189.6
"294","D",6,"Recovery","35","6","6","2.5","0.651","Faga'tele","Low","0","0.3",227.3
"295","D",6,"Recovery","35","6","6","5","0.647","Vatia","Low","640","4.1",135.7
"296","D",6,"Stress","35","5","4",NA,"0.654","Coconut Point","High","6707","48.8",NA
"297","D",6,"Stress","35","5.5","5",NA,"0.597","Faga'alu","Medium","910","6.7",173.9
"298","D",6,"Stress","35","6","5.5",NA,"0.658","Cannery","High","9276","5.4",98.3
"299","D",6,"Stress","35","6","6",NA,"0.614","Faga'tele","Low","0","0.3",92.2
"300","D",6,"Stress","35","6","6",NA,"0.632","Vatia","Low","640","4.1",81.9
"301","D",7,"Recovery","35","5","5","2","0.647","Vatia","Low","640","4.1",231
"302","D",7,"Recovery","35","6","5.5","3","0.625","Coconut Point","High","6707","48.8",208
"303","D",7,"Recovery","35","6","5.5","4","0.663","Cannery","High","9276","5.4",164.9
"304","D",7,"Recovery","35","6","5.5","1","0","Faga'alu","Medium","910","6.7",221.4
"305","D",7,"Recovery","35","6","6","2","0.611","Faga'tele","Low","0","0.3",250.5
"306","D",7,"Stress","35","5.5","5",NA,"0.632","Coconut Point","High","6707","48.8",NA
"307","D",7,"Stress","35","5.5","5",NA,"0.6","Vatia","Low","640","4.1",133.8
"308","D",7,"Stress","35","6","5",NA,"0.582","Faga'alu","Medium","910","6.7",147.1
"309","D",7,"Stress","35","6","5.5",NA,"0.617","Faga'tele","Low","0","0.3",105.2
"310","D",7,"Stress","35","6","6",NA,"0.657","Cannery","High","9276","5.4",119.6
"311","D",8,"Recovery","35","5","5","3.5","0.64","Coconut Point","High","6707","48.8",217.2
"312","D",8,"Recovery","35","6","5.5","2","0.647","Faga'alu","Medium","910","6.7",201.3
"313","D",8,"Recovery","35","6","6","3","0.617","Faga'tele","Low","0","0.3",220.5
"314","D",8,"Recovery","35","6","6","4.5","0.638","Vatia","Low","640","4.1",179.9
"315","D",8,"Recovery","35","6","6","5","0.65","Cannery","High","9276","5.4",139.8
"316","D",8,"Stress","35","5.5","5",NA,"0.565","Cannery","High","9276","5.4",128.5
"317","D",8,"Stress","35","5.5","5",NA,"0.647","Coconut Point","High","6707","48.8",NA
"318","D",8,"Stress","35","5.5","5.5",NA,"0.665","Vatia","Low","640","4.1",103.9
"319","D",8,"Stress","35","6","5.5",NA,"0.61","Faga'alu","Medium","910","6.7",115.7
"320","D",8,"Stress","35","6","6",NA,"0.619","Faga'tele","Low","0","0.3",116.4
"321","E",1,"Recovery","28","5.5","5","5","0.62","Coconut Point","High","6707","48.8",140.2
"322","E",1,"Recovery","28","5.5","5.5","5","0.656","Faga'tele","Low","0","0.3",162.1
"323","E",1,"Recovery","28","5.5","5.5","5","0.623","Faga'alu","Medium","910","6.7",158.1
"324","E",1,"Recovery","28","6","6","5","0.615","Cannery","High","9276","5.4",153.5
"325","E",1,"Recovery","28","6","6","5","0.616","Vatia","Low","640","4.1",164.4
"326","E",1,"Stress","28","5.5","5",NA,NA,"Coconut Point","High","6707","48.8",NA
"327","E",1,"Stress","28","5.5","6",NA,NA,"Vatia","Low","640","4.1",89.3
"328","E",1,"Stress","28","6","5.5",NA,NA,"Cannery","High","9276","5.4",118.3
"329","E",1,"Stress","28","6","6",NA,NA,"Faga'alu","Medium","910","6.7",123.5
"330","E",1,"Stress","28","6","6",NA,NA,"Faga'tele","Low","0","0.3",114.1
"331","E",2,"Recovery","28","5","4.5","4.5","0.599","Faga'alu","Medium","910","6.7",164.9
"332","E",2,"Recovery","28","5.5","5","5","0.627","Coconut Point","High","6707","48.8",169.6
"333","E",2,"Recovery","28","5.5","6","5","0.662","Vatia","Low","640","4.1",189.2
"334","E",2,"Recovery","28","6","6","5","0.624","Cannery","High","9276","5.4",141.3
"335","E",2,"Recovery","28","6","6","6","0.651","Faga'tele","Low","0","0.3",150.8
"336","E",2,"Stress","28","5","4",NA,NA,"Faga'alu","Medium","910","6.7",181.6
"337","E",2,"Stress","28","5.5","5.5",NA,NA,"Vatia","Low","640","4.1",122.5
"338","E",2,"Stress","28","6","5.5",NA,NA,"Faga'tele","Low","0","0.3",90
"339","E",2,"Stress","28","6","6",NA,NA,"Cannery","High","9276","5.4",107.4
"340","E",2,"Stress","28","6","6",NA,NA,"Coconut Point","High","6707","48.8",NA
"341","E",3,"Recovery","28","6","6","4.5","0.66","Coconut Point","High","6707","48.8",211.2
"342","E",3,"Recovery","28","6","6","5","0.624","Vatia","Low","640","4.1",171.4
"343","E",3,"Recovery","28","6","6","5.5","0.62","Faga'tele","Low","0","0.3",184.9
"344","E",3,"Recovery","28","6","6","5.5","0.679","Faga'alu","Medium","910","6.7",154.9
"345","E",3,"Recovery","28","6","6","6","0.681","Cannery","High","9276","5.4",81.3
"346","E",3,"Stress","28","6","4.5",NA,NA,"Coconut Point","High","6707","48.8",NA
"347","E",3,"Stress","28","6","5.5",NA,NA,"Faga'alu","Medium","910","6.7",116.9
"348","E",3,"Stress","28","6","6",NA,NA,"Cannery","High","9276","5.4",108.5
"349","E",3,"Stress","28","6","6",NA,NA,"Faga'tele","Low","0","0.3",49.9
"350","E",3,"Stress","28","6","6",NA,NA,"Vatia","Low","640","4.1",117.7
"351","E",4,"Recovery","28","6","5.5","5","0.617","Faga'tele","Low","0","0.3",178.4
"352","E",4,"Recovery","28","6","5.5","5.5","0.663","Coconut Point","High","6707","48.8",172.6
"353","E",4,"Recovery","28","6","6","4","0.661","Faga'alu","Medium","910","6.7",185.3
"354","E",4,"Recovery","28","6","6","4.5","0.609","Vatia","Low","640","4.1",167.8
"355","E",4,"Recovery","28","6","6","6","0.666","Cannery","High","9276","5.4",135.6
"356","E",4,"Stress","28","5.5","5.5",NA,NA,"Coconut Point","High","6707","48.8",NA
"357","E",4,"Stress","28","5.5","6",NA,NA,"Vatia","Low","640","4.1",93
"358","E",4,"Stress","28","6","5.5",NA,NA,"Faga'alu","Medium","910","6.7",156.5
"359","E",4,"Stress","28","6","6",NA,NA,"Cannery","High","9276","5.4",98.8
"360","E",4,"Stress","28","6","6",NA,NA,"Faga'tele","Low","0","0.3",119.2
"361","E",5,"Recovery","28","6","5.5","5","0.636","Faga'alu","Medium","910","6.7",148
"362","E",5,"Recovery","28","6","6","4","0.662","Faga'tele","Low","0","0.3",198
"363","E",5,"Recovery","28","6","6","5","0.688","Cannery","High","9276","5.4",124.6
"364","E",5,"Recovery","28","6","6","5.5","0.627","Vatia","Low","640","4.1",161.9
"365","E",5,"Recovery","28","4.5","5","5","0.647","Coconut Point","High","6707","48.8",170
"366","E",5,"Stress","28","5.5","5.5",NA,NA,"Cannery","High","9276","5.4",132.9
"367","E",5,"Stress","28","5.5","5.5",NA,NA,"Coconut Point","High","6707","48.8",NA
"368","E",5,"Stress","28","6","6",NA,NA,"Faga'alu","Medium","910","6.7",134.7
"369","E",5,"Stress","28","6","6",NA,NA,"Faga'tele","Low","0","0.3",73
"370","E",5,"Stress","28","6","6",NA,NA,"Vatia","Low","640","4.1",77.5
"371","E",6,"Recovery","28","5.5","5.5","4.5","0.668","Cannery","High","9276","5.4",173.4
"372","E",6,"Recovery","28","5.5","5.5","5","0.619","Faga'tele","Low","0","0.3",165.2
"373","E",6,"Recovery","28","6","5.5","5","0.653","Faga'alu","Medium","910","6.7",159
"374","E",6,"Recovery","28","6","6","5.5","0.642","Vatia","Low","640","4.1",153.4
"375","E",6,"Recovery","28","6","6","6","0.678","Coconut Point","High","6707","48.8",85.6
"376","E",6,"Stress","28","5","5",NA,NA,"Coconut Point","High","6707","48.8",NA
"377","E",6,"Stress","28","5.5","5.5",NA,NA,"Cannery","High","9276","5.4",138.7
"378","E",6,"Stress","28","5.5","6",NA,NA,"Faga'tele","Low","0","0.3",105.6
"379","E",6,"Stress","28","6","6",NA,NA,"Faga'alu","Medium","910","6.7",132.4
"380","E",6,"Stress","28","6","6",NA,NA,"Vatia","Low","640","4.1",68.4
"381","E",7,"Recovery","28","5","5","4","0.688","Vatia","Low","640","4.1",178.1
"382","E",7,"Recovery","28","6","5.5","4.5","0.667","Coconut Point","High","6707","48.8",222
"383","E",7,"Recovery","28","6","6","5","0.67","Faga'alu","Medium","910","6.7",171.6
"384","E",7,"Recovery","28","6","6","5.5","0.656","Cannery","High","9276","5.4",131.1
"385","E",7,"Recovery","28","6","6","6","0.638","Faga'tele","Low","0","0.3",123.7
"386","E",7,"Stress","28","5.5","5.5",NA,NA,"Cannery","High","9276","5.4",130.1
"387","E",7,"Stress","28","6","5.5",NA,NA,"Faga'alu","Medium","910","6.7",169.7
"388","E",7,"Stress","28","6","5.5",NA,NA,"Vatia","Low","640","4.1",111.2
"389","E",7,"Stress","28","6","6",NA,NA,"Coconut Point","High","6707","48.8",NA
"390","E",7,"Stress","28","6","6",NA,NA,"Faga'tele","Low","0","0.3",64.8
"391","E",8,"Recovery","28","6","5.5","5.5","0.67","Coconut Point","High","6707","48.8",157.2
"392","E",8,"Recovery","28","6","6","4.5","0.636","Faga'alu","Medium","910","6.7",175.8
"393","E",8,"Recovery","28","6","6","5","0.643","Faga'tele","Low","0","0.3",207.6
"394","E",8,"Recovery","28","6","6","5","0.666","Vatia","Low","640","4.1",167.7
"395","E",8,"Recovery","28","6","6","5.5","0.66","Cannery","High","9276","5.4",97.1
"396","E",8,"Stress","28","5.5","5.5",NA,NA,"Coconut Point","High","6707","48.8",NA
"397","E",8,"Stress","28","6","6",NA,NA,"Cannery","High","9276","5.4",83.4
"398","E",8,"Stress","28","6","6",NA,NA,"Faga'alu","Medium","910","6.7",140.7
"399","E",8,"Stress","28","6","6",NA,NA,"Faga'tele","Low","0","0.3",67
"400","E",8,"Stress","28","6","6",NA,NA,"Vatia","Low","640","4.1",93.9
"401","F",1,"Recovery","33","5.5","4.5","4","0.659","Coconut Point","High","6707","48.8",184.2
"402","F",1,"Recovery","33","5.5","5.5","4","0.66","Cannery","High","9276","5.4",123.7
"403","F",1,"Recovery","33","6","6","3.5","0.604","Faga'tele","Low","0","0.3",213.5
"404","F",1,"Recovery","33","6","6","4.5","0.642","Vatia","Low","640","4.1",186.1
"405","F",1,"Recovery","33","6","6","5","0.658","Faga'alu","Medium","910","6.7",135
"406","F",1,"Stress","33","5.5","5",NA,NA,"Cannery","High","9276","5.4",139.3
"407","F",1,"Stress","33","5.5","3.5",NA,NA,"Coconut Point","High","6707","48.8",NA
"408","F",1,"Stress","33","6","5.5",NA,NA,"Faga'alu","Medium","910","6.7",135.9
"409","F",1,"Stress","33","6","6",NA,NA,"Faga'tele","Low","0","0.3",99.5
"410","F",1,"Stress","33","6","6",NA,NA,"Vatia","Low","640","4.1",101.6
"411","F",2,"Recovery","33","5.5","4","3.5","0.605","Faga'alu","Medium","910","6.7",162.3
"412","F",2,"Recovery","33","5.5","5","3","0.662","Coconut Point","High","6707","48.8",174.5
"413","F",2,"Recovery","33","6","6","4","0.627","Faga'tele","Low","0","0.3",201.7
"414","F",2,"Recovery","33","6","6","4","0.621","Vatia","Low","640","4.1",185.7
"415","F",2,"Recovery","33","6","6","4.5","0.599","Cannery","High","9276","5.4",174.1
"416","F",2,"Stress","33","5.5","4.5",NA,NA,"Coconut Point","High","6707","48.8",NA
"417","F",2,"Stress","33","6","5",NA,NA,"Faga'alu","Medium","910","6.7",160
"418","F",2,"Stress","33","6","5.5",NA,NA,"Faga'tele","Low","0","0.3",116.8
"419","F",2,"Stress","33","6","6",NA,NA,"Cannery","High","9276","5.4",139.2
"420","F",2,"Stress","33","6","6",NA,NA,"Vatia","Low","640","4.1",72.9
"421","F",3,"Recovery","33","5","5","4","0.625","Vatia","Low","640","4.1",167
"422","F",3,"Recovery","33","6","4","3","0.667","Coconut Point","High","6707","48.8",194.3
"423","F",3,"Recovery","33","6","5","1","0.63","Faga'alu","Medium","910","6.7",231.5
"424","F",3,"Recovery","33","6","5.5","4","0.657","Faga'tele","Low","0","0.3",219.8
"425","F",3,"Recovery","33","6","5.5","5","0.654","Cannery","High","9276","5.4",56.9
"426","F",3,"Stress","33","5.5","6",NA,NA,"Vatia","Low","640","4.1",114.8
"427","F",3,"Stress","33","6","5.5",NA,NA,"Cannery","High","9276","5.4",131
"428","F",3,"Stress","33","6","5.5",NA,NA,"Faga'alu","Medium","910","6.7",141.6
"429","F",3,"Stress","33","6","6",NA,NA,"Faga'tele","Low","0","0.3",81.5
"430","F",3,"Stress","33","6","3.5",NA,NA,"Coconut Point","High","6707","48.8",NA
"431","F",4,"Recovery","33","5","4.5","1.5","0.638","Faga'alu","Medium","910","6.7",218.3
"432","F",4,"Recovery","33","5.5","5.5","2.5","0.641","Vatia","Low","640","4.1",203.5
"433","F",4,"Recovery","33","6","5.5","3.5","0.646","Coconut Point","High","6707","48.8",166.6
"434","F",4,"Recovery","33","6","5.5","4.5","0.647","Cannery","High","9276","5.4",141.2
"435","F",4,"Recovery","33","6","6","4.5","0.631","Faga'tele","Low","0","0.3",214.4
"436","F",4,"Stress","33","6","5.5",NA,NA,"Faga'alu","Medium","910","6.7",157.7
"437","F",4,"Stress","33","6","5.5",NA,NA,"Vatia","Low","640","4.1",130.9
"438","F",4,"Stress","33","6","6",NA,NA,"Cannery","High","9276","5.4",76.2
"439","F",4,"Stress","33","6","6",NA,NA,"Coconut Point","High","6707","48.8",NA
"440","F",4,"Stress","33","6","6",NA,NA,"Faga'tele","Low","0","0.3",127.4
"441","F",5,"Recovery","33","5.5","6","4","0.639","Vatia","Low","640","4.1",193.2
"442","F",5,"Recovery","33","6","5.5","3.5","0.682","Coconut Point","High","6707","48.8",167.8
"443","F",5,"Recovery","33","6","5.5","4.5","0.638","Faga'alu","Medium","910","6.7",138.6
"444","F",5,"Recovery","33","6","6","4","0.686","Cannery","High","9276","5.4",123.3
"445","F",5,"Recovery","33","6","6","5","0.558","Faga'tele","Low","0","0.3",149.8
"446","F",5,"Stress","33","5.5","5.5",NA,NA,"Coconut Point","High","6707","48.8",NA
"447","F",5,"Stress","33","6","5.5",NA,NA,"Cannery","High","9276","5.4",118.8
"448","F",5,"Stress","33","6","6",NA,NA,"Faga'alu","Medium","910","6.7",118
"449","F",5,"Stress","33","6","6",NA,NA,"Faga'tele","Low","0","0.3",81.9
"450","F",5,"Stress","33","6","6",NA,NA,"Vatia","Low","640","4.1",120.9
"451","F",6,"Recovery","33","5","3.5","3.5","0.674","Coconut Point","High","6707","48.8",179.3
"452","F",6,"Recovery","33","6","5","4","0.665","Cannery","High","9276","5.4",181.9
"453","F",6,"Recovery","33","6","5.5","3.5","0.651","Faga'tele","Low","0","0.3",200.3
"454","F",6,"Recovery","33","6","5.5","5","0.629","Faga'alu","Medium","910","6.7",164.8
"455","F",6,"Recovery","33","6","6","5.5","0.638","Vatia","Low","640","4.1",147
"456","F",6,"Stress","33","5","3",NA,NA,"Coconut Point","High","6707","48.8",NA
"457","F",6,"Stress","33","6","5.5",NA,NA,"Cannery","High","9276","5.4",149.1
"458","F",6,"Stress","33","6","5.5",NA,NA,"Faga'alu","Medium","910","6.7",138.8
"459","F",6,"Stress","33","6","5.5",NA,NA,"Faga'tele","Low","0","0.3",102.6
"460","F",6,"Stress","33","6","6",NA,NA,"Vatia","Low","640","4.1",96.1
"461","F",7,"Recovery","33","5.5","5.5","4.5","0.627","Faga'tele","Low","0","0.3",177.2
"462","F",7,"Recovery","33","6","5.5","3","0.674","Faga'alu","Medium","910","6.7",179
"463","F",7,"Recovery","33","6","6","2.5","0.644","Coconut Point","High","6707","48.8",237
"464","F",7,"Recovery","33","6","6","5.5","0.627","Cannery","High","9276","5.4",68.4
"465","F",7,"Recovery","33","6","6","5.5","0.617","Vatia","Low","640","4.1",136.1
"466","F",7,"Stress","33","5","5",NA,NA,"Vatia","Low","640","4.1",105.8
"467","F",7,"Stress","33","5.5","5",NA,NA,"Faga'alu","Medium","910","6.7",161.9
"468","F",7,"Stress","33","6","5.5",NA,NA,"Coconut Point","High","6707","48.8",NA
"469","F",7,"Stress","33","6","6",NA,NA,"Cannery","High","9276","5.4",121
"470","F",7,"Stress","33","6","6",NA,NA,"Faga'tele","Low","0","0.3",76.6
"471","F",8,"Recovery","33","6","5","5.5","0.65","Cannery","High","9276","5.4",159.3
"472","F",8,"Recovery","33","6","5.5","4.5","0.615","Coconut Point","High","6707","48.8",167.7
"473","F",8,"Recovery","33","6","6","3","0.633","Faga'alu","Medium","910","6.7",190.9
"474","F",8,"Recovery","33","6","6","4.5","0.654","Faga'tele","Low","0","0.3",228.7
"475","F",8,"Recovery","33","6","6","5.5","0.66","Vatia","Low","640","4.1",135.6
"476","F",8,"Stress","33","5.5","5",NA,NA,"Cannery","High","9276","5.4",138.3
"477","F",8,"Stress","33","5.5","5.5",NA,NA,"Vatia","Low","640","4.1",112.9
"478","F",8,"Stress","33","6","5",NA,NA,"Coconut Point","High","6707","48.8",NA
"479","F",8,"Stress","33","6","5.5",NA,NA,"Faga'alu","Medium","910","6.7",119.4
"480","F",8,"Stress","33","6","6",NA,NA,"Faga'tele","Low","0","0.3",84.5
"481","FieldCont",1,NA,"Field","5",NA,NA,"0.636","Vatia","Low","640","4.1",123.7
"482","FieldCont",1,NA,"Field","5",NA,NA,"0.643","Coconut Point","High","6707","48.8",121.3
"483","FieldCont",1,NA,"Field","5",NA,NA,"0.643","Faga'alu","Medium","910","6.7",NA
"484","FieldCont",1,NA,"Field","5",NA,NA,"0.697","Cannery","High","9276","5.4",70.6
"485","FieldCont",1,NA,"Field","6",NA,NA,"0.601","Faga'tele","Low","0","0.3",82.9
"486","FieldCont",2,NA,"Field","5.5",NA,NA,"0.691","Cannery","High","9276","5.4",91.3
"487","FieldCont",2,NA,"Field","6",NA,NA,"0.66","Coconut Point","High","6707","48.8",120
"488","FieldCont",2,NA,"Field","6",NA,NA,"0.664","Vatia","Low","640","4.1",89.1
"489","FieldCont",2,NA,"Field","6",NA,NA,"0.621","Faga'tele","Low","0","0.3",48.9
"490","FieldCont",2,NA,"Field","4",NA,NA,"0.621","Faga'alu","Medium","910","6.7",NA
"491","FieldCont",3,NA,"Field","5",NA,NA,"0.66","Cannery","High","9276","5.4",131.7
"492","FieldCont",3,NA,"Field","5",NA,NA,"0.661","Coconut Point","High","6707","48.8",154.5
"493","FieldCont",3,NA,"Field","5.5",NA,NA,"0.656","Faga'tele","Low","0","0.3",113.1
"494","FieldCont",3,NA,"Field","5.5",NA,NA,"0.62","Vatia","Low","640","4.1",145.8
"495","FieldCont",3,NA,"Field","6",NA,NA,"0.651","Faga'alu","Medium","910","6.7",NA
"496","FieldCont",4,NA,"Field","5",NA,NA,"0.645","Vatia","Low","640","4.1",107.2
"497","FieldCont",4,NA,"Field","5.5",NA,NA,"0.698","Faga'alu","Medium","910","6.7",NA
"498","FieldCont",4,NA,"Field","6",NA,NA,"0.641","Coconut Point","High","6707","48.8",153.8
"499","FieldCont",4,NA,"Field","6",NA,NA,"0.684","Cannery","High","9276","5.4",49.1
"500","FieldCont",4,NA,"Field","6",NA,NA,"0.642","Faga'tele","Low","0","0.3",89.5
"501","FieldCont",5,NA,"Field","5",NA,NA,"0.611","Vatia","Low","640","4.1",98.7
"502","FieldCont",5,NA,"Field","6",NA,NA,"0.628","Cannery","High","9276","5.4",82.4
"503","FieldCont",5,NA,"Field","6",NA,NA,"0.667","Faga'tele","Low","0","0.3",68.9
"504","FieldCont",5,NA,"Field","6",NA,NA,"0.669","Faga'alu","Medium","910","6.7",NA
"505","FieldCont",5,NA,"Field","4",NA,NA,"0.632","Coconut Point","High","6707","48.8",176.6
"506","FieldCont",6,NA,"Field","5",NA,NA,"0.631","Faga'alu","Medium","910","6.7",NA
"507","FieldCont",6,NA,"Field","5",NA,NA,"0.64","Coconut Point","High","6707","48.8",147.1
"508","FieldCont",6,NA,"Field","5.5",NA,NA,"0.686","Cannery","High","9276","5.4",84.8
"509","FieldCont",6,NA,"Field","6",NA,NA,"0.639","Faga'tele","Low","0","0.3",108.6
"510","FieldCont",6,NA,"Field","6",NA,NA,"0.656","Vatia","Low","640","4.1",97
"511","FieldCont",7,NA,"Field","5.5",NA,NA,"0.628","Vatia","Low","640","4.1",130.6
"512","FieldCont",7,NA,"Field","6",NA,NA,"0.628","Cannery","High","9276","5.4",98.6
"513","FieldCont",7,NA,"Field","6",NA,NA,"0.643","Coconut Point","High","6707","48.8",138.3
"514","FieldCont",7,NA,"Field","6",NA,NA,"0.653","Faga'tele","Low","0","0.3",79.7
"515","FieldCont",7,NA,"Field","4.5",NA,NA,"0.696","Faga'alu","Medium","910","6.7",NA
"516","FieldCont",8,NA,"Field","5",NA,NA,"0.613","Coconut Point","High","6707","48.8",132.2
"517","FieldCont",8,NA,"Field","5.5",NA,NA,"0.664","Faga'tele","Low","0","0.3",101.6
"518","FieldCont",8,NA,"Field","5.5",NA,NA,"0.665","Vatia","Low","640","4.1",95.1
"519","FieldCont",8,NA,"Field","5.5",NA,NA,"0.681","Faga'alu","Medium","910","6.7",NA
"520","FieldCont",8,NA,"Field","6",NA,NA,"0.68","Cannery","High","9276","5.4",55.9
"521","G",1,"Recovery","34","5.5","4","2.5","0.662","Coconut Point","High","6707","48.8",182.4
"522","G",1,"Recovery","34","5.5","5.5","2","0.657","Cannery","High","9276","5.4",200.7
"523","G",1,"Recovery","34","5.5","5.5","2.5","0.593","Faga'alu","Medium","910","6.7",188.8
"524","G",1,"Recovery","34","6","5.5","2.5","0.583","Faga'tele","Low","0","0.3",228.7
"525","G",1,"Recovery","34","6","6","2.5","0.623","Vatia","Low","640","4.1",202.8
"526","G",1,"Stress","34","5.5","4",NA,NA,"Coconut Point","High","6707","48.8",NA
"527","G",1,"Stress","34","5.5","5",NA,NA,"Cannery","High","9276","5.4",143.2
"528","G",1,"Stress","34","5.5","5",NA,NA,"Faga'tele","Low","0","0.3",140
"529","G",1,"Stress","34","5.5","5.5",NA,NA,"Vatia","Low","640","4.1",90.2
"530","G",1,"Stress","34","6","5",NA,NA,"Faga'alu","Medium","910","6.7",150.4
"531","G",2,"Recovery","34","5.5","4","1","0","Faga'alu","Medium","910","6.7",208
"532","G",2,"Recovery","34","6","5","2","0.655","Coconut Point","High","6707","48.8",216
"533","G",2,"Recovery","34","6","6","2","0.626","Vatia","Low","640","4.1",215.1
"534","G",2,"Recovery","34","6","6","2.5","0.644","Cannery","High","9276","5.4",180
"535","G",2,"Recovery","34","6","6","4.5","0.633","Faga'tele","Low","0","0.3",205.5
"536","G",2,"Stress","34","5.5","4",NA,NA,"Faga'alu","Medium","910","6.7",187.1
"537","G",2,"Stress","34","6","5",NA,NA,"Coconut Point","High","6707","48.8",NA
"538","G",2,"Stress","34","6","6",NA,NA,"Cannery","High","9276","5.4",110
"539","G",2,"Stress","34","6","6",NA,NA,"Faga'tele","Low","0","0.3",99.8
"540","G",2,"Stress","34","6","6",NA,NA,"Vatia","Low","640","4.1",82.8
"541","G",3,"Recovery","34","5.5","6","1.5","0.631","Vatia","Low","640","4.1",237.9
"542","G",3,"Recovery","34","6","4.5","2","0.662","Coconut Point","High","6707","48.8",210.5
"543","G",3,"Recovery","34","6","5.5","1","0.636","Faga'alu","Medium","910","6.7",220.4
"544","G",3,"Recovery","34","6","6","3","0.628","Cannery","High","9276","5.4",198.7
"545","G",3,"Recovery","34","6","6","3.5","0.57","Faga'tele","Low","0","0.3",206.7
"546","G",3,"Stress","34","5","4",NA,NA,"Coconut Point","High","6707","48.8",NA
"547","G",3,"Stress","34","5.5","5",NA,NA,"Faga'alu","Medium","910","6.7",139.5
"548","G",3,"Stress","34","6","5.5",NA,NA,"Cannery","High","9276","5.4",129.9
"549","G",3,"Stress","34","6","5.5",NA,NA,"Vatia","Low","640","4.1",106
"550","G",3,"Stress","34","6","6",NA,NA,"Faga'tele","Low","0","0.3",105.8
"551","G",4,"Recovery","34","5.5","5","1","0.592","Coconut Point","High","6707","48.8",246.1
"552","G",4,"Recovery","34","6","4","1","0","Faga'alu","Medium","910","6.7",218.4
"553","G",4,"Recovery","34","6","6","1.5","0.608","Vatia","Low","640","4.1",210.5
"554","G",4,"Recovery","34","6","6","2.5","0.625","Cannery","High","9276","5.4",192.3
"555","G",4,"Recovery","34","6","6","4.5","0.642","Faga'tele","Low","0","0.3",239
"556","G",4,"Stress","34","5.5","4",NA,NA,"Coconut Point","High","6707","48.8",NA
"557","G",4,"Stress","34","5.5","5",NA,NA,"Faga'tele","Low","0","0.3",141.8
"558","G",4,"Stress","34","5.5","5",NA,NA,"Vatia","Low","640","4.1",100.8
"559","G",4,"Stress","34","5.5","3.5",NA,NA,"Faga'alu","Medium","910","6.7",171
"560","G",4,"Stress","34","6","5.5",NA,NA,"Cannery","High","9276","5.4",123.1
"561","G",5,"Recovery","34","6","5","1.5","0.656","Faga'alu","Medium","910","6.7",190.5
"562","G",5,"Recovery","34","6","5.5","1.5","0.661","Cannery","High","9276","5.4",211.8
"563","G",5,"Recovery","34","6","6","2","0.641","Vatia","Low","640","4.1",204.4
"564","G",5,"Recovery","34","6","6","3","0.578","Faga'tele","Low","0","0.3",216.9
"565","G",5,"Recovery","34","4.5","3.5","1.5","0.647","Coconut Point","High","6707","48.8",231.2
"566","G",5,"Stress","34","5.5","5",NA,NA,"Cannery","High","9276","5.4",129.1
"567","G",5,"Stress","34","6","4.5",NA,NA,"Coconut Point","High","6707","48.8",NA
"568","G",5,"Stress","34","6","6",NA,NA,"Faga'alu","Medium","910","6.7",131.2
"569","G",5,"Stress","34","6","6",NA,NA,"Faga'tele","Low","0","0.3",71.5
"570","G",5,"Stress","34","6","6",NA,NA,"Vatia","Low","640","4.1",65.2
"571","G",6,"Recovery","34","5.5","4.5","1.5","0.617","Coconut Point","High","6707","48.8",235.5
"572","G",6,"Recovery","34","5.5","5.5","1.5","0.639","Faga'alu","Medium","910","6.7",202.9
"573","G",6,"Recovery","34","5.5","5.5","2","0.614","Faga'tele","Low","0","0.3",230
"574","G",6,"Recovery","34","6","5.5","2","0.657","Cannery","High","9276","5.4",193.8
"575","G",6,"Recovery","34","6","5.5","5","0.627","Vatia","Low","640","4.1",161.1
"576","G",6,"Stress","34","5","5",NA,NA,"Coconut Point","High","6707","48.8",NA
"577","G",6,"Stress","34","6","4.5",NA,NA,"Cannery","High","9276","5.4",135.4
"578","G",6,"Stress","34","6","5.5",NA,NA,"Faga'alu","Medium","910","6.7",154.2
"579","G",6,"Stress","34","6","6",NA,NA,"Faga'tele","Low","0","0.3",78.4
"580","G",6,"Stress","34","6","6",NA,NA,"Vatia","Low","640","4.1",58.5
"581","G",7,"Recovery","34","5.5","5","2","0.611","Faga'tele","Low","0","0.3",247.8
"582","G",7,"Recovery","34","5.5","5.5","3","0.608","Vatia","Low","640","4.1",210.4
"583","G",7,"Recovery","34","6","5","1.5","0","Faga'alu","Medium","910","6.7",235.6
"584","G",7,"Recovery","34","6","5.5","2","0.629","Cannery","High","9276","5.4",200.1
"585","G",7,"Recovery","34","6","5.5","2","0.641","Coconut Point","High","6707","48.8",231.4
"586","G",7,"Stress","34","5.5","5",NA,NA,"Cannery","High","9276","5.4",151.3
"587","G",7,"Stress","34","5.5","5.5",NA,NA,"Vatia","Low","640","4.1",141
"588","G",7,"Stress","34","6","5",NA,NA,"Coconut Point","High","6707","48.8",NA
"589","G",7,"Stress","34","6","5",NA,NA,"Faga'alu","Medium","910","6.7",156
"590","G",7,"Stress","34","6","5.5",NA,NA,"Faga'tele","Low","0","0.3",125.5
"591","G",8,"Recovery","34","5.5","5","4.5","0.597","Coconut Point","High","6707","48.8",207.9
"592","G",8,"Recovery","34","6","5","2","0.642","Faga'alu","Medium","910","6.7",212.5
"593","G",8,"Recovery","34","6","5.5","2","0.63","Vatia","Low","640","4.1",202.6
"594","G",8,"Recovery","34","6","5.5","3","0.596","Faga'tele","Low","0","0.3",209.7
"595","G",8,"Recovery","34","6","6","3.5","0.596","Cannery","High","9276","5.4",174.8
"596","G",8,"Stress","34","5.5","5.5",NA,NA,"Vatia","Low","640","4.1",104
"597","G",8,"Stress","34","6","5.5",NA,NA,"Coconut Point","High","6707","48.8",NA
"598","G",8,"Stress","34","6","6",NA,NA,"Cannery","High","9276","5.4",85.8
"599","G",8,"Stress","34","6","6",NA,NA,"Faga'alu","Medium","910","6.7",117.7
"600","G",8,"Stress","34","6","6",NA,NA,"Faga'tele","Low","0","0.3",85
"601","H",1,"Recovery","35","5","4.5","2.5","0.648","Coconut Point","High","6707","48.8",217.5
"602","H",1,"Recovery","35","5.5","4.5","1","0.619","Faga'tele","Low","0","0.3",245
"603","H",1,"Recovery","35","6","5","2","0.675","Faga'alu","Medium","910","6.7",205.9
"604","H",1,"Recovery","35","6","6","3","0.664","Cannery","High","9276","5.4",191.8
"605","H",1,"Recovery","35","6","6","3.5","0.615","Vatia","Low","640","4.1",170.7
"606","H",1,"Stress","35","5.5","4",NA,NA,"Coconut Point","High","6707","48.8",NA
"607","H",1,"Stress","35","6","5.5",NA,NA,"Cannery","High","9276","5.4",100.2
"608","H",1,"Stress","35","6","5.5",NA,NA,"Faga'alu","Medium","910","6.7",150.8
"609","H",1,"Stress","35","6","5.5",NA,NA,"Vatia","Low","640","4.1",85.1
"610","H",1,"Stress","35","6","6",NA,NA,"Faga'tele","Low","0","0.3",113.6
"611","H",2,"Recovery","35","5","4","2","0.66","Faga'alu","Medium","910","6.7",195.5
"612","H",2,"Recovery","35","6","5","2","0.617","Coconut Point","High","6707","48.8",222
"613","H",2,"Recovery","35","6","6","2","0.577","Faga'tele","Low","0","0.3",250.8
"614","H",2,"Recovery","35","6","6","3.5","0.661","Vatia","Low","640","4.1",194.6
"615","H",2,"Recovery","35","6","6","4.5","0.664","Cannery","High","9276","5.4",129.8
"616","H",2,"Stress","35","6","4",NA,NA,"Faga'alu","Medium","910","6.7",176.3
"617","H",2,"Stress","35","6","5.5",NA,NA,"Cannery","High","9276","5.4",114.1
"618","H",2,"Stress","35","6","5.5",NA,NA,"Coconut Point","High","6707","48.8",NA
"619","H",2,"Stress","35","6","5.5",NA,NA,"Vatia","Low","640","4.1",91
"620","H",2,"Stress","35","6","6",NA,NA,"Faga'tele","Low","0","0.3",97.7
"621","H",3,"Recovery","35","5.5","4","1","0.647","Coconut Point","High","6707","48.8",224
"622","H",3,"Recovery","35","5.5","5","3.5","0.641","Vatia","Low","640","4.1",173.6
"623","H",3,"Recovery","35","5.5","5.5","1","0.611","Faga'tele","Low","0","0.3",251.7
"624","H",3,"Recovery","35","6","5","2","0.556","Faga'alu","Medium","910","6.7",199.6
"625","H",3,"Recovery","35","6","6","2.5","0.643","Cannery","High","9276","5.4",204
"626","H",3,"Stress","35","5","4",NA,NA,"Vatia","Low","640","4.1",154.2
"627","H",3,"Stress","35","5.5","4.5",NA,NA,"Coconut Point","High","6707","48.8",NA
"628","H",3,"Stress","35","6","5.5",NA,NA,"Cannery","High","9276","5.4",123.6
"629","H",3,"Stress","35","6","5.5",NA,NA,"Faga'alu","Medium","910","6.7",163.2
"630","H",3,"Stress","35","6","6",NA,NA,"Faga'tele","Low","0","0.3",98.3
"631","H",4,"Recovery","35","5.5","5","2","0.618","Coconut Point","High","6707","48.8",233.1
"632","H",4,"Recovery","35","5.5","5","3","0.561","Vatia","Low","640","4.1",171.8
"633","H",4,"Recovery","35","6","4.5","1.5","0.602","Faga'alu","Medium","910","6.7",209.8
"634","H",4,"Recovery","35","6","5","2","0.576","Faga'tele","Low","0","0.3",244.6
"635","H",4,"Recovery","35","6","6","2","0.614","Cannery","High","9276","5.4",217.5
"636","H",4,"Stress","35","5.5","4",NA,NA,"Faga'tele","Low","0","0.3",182.1
"637","H",4,"Stress","35","5.5","5",NA,NA,"Vatia","Low","640","4.1",116.7
"638","H",4,"Stress","35","6","5",NA,NA,"Faga'alu","Medium","910","6.7",157.5
"639","H",4,"Stress","35","6","5.5",NA,NA,"Cannery","High","9276","5.4",99.5
"640","H",4,"Stress","35","6","5.5",NA,NA,"Coconut Point","High","6707","48.8",NA
"641","H",5,"Recovery","35","5.5","5","2.5","0.611","Cannery","High","9276","5.4",161.9
"642","H",5,"Recovery","35","5.5","5.5","1.5","0.665","Faga'alu","Medium","910","6.7",197.4
"643","H",5,"Recovery","35","6","5","4.5","0.633","Vatia","Low","640","4.1",179
"644","H",5,"Recovery","35","6","5.5","2","0.616","Coconut Point","High","6707","48.8",203.8
"645","H",5,"Recovery","35","6","6","3.5","0.627","Faga'tele","Low","0","0.3",218.8
"646","H",5,"Stress","35","5.5","4.5",NA,NA,"Coconut Point","High","6707","48.8",NA
"647","H",5,"Stress","35","5.5","5",NA,NA,"Cannery","High","9276","5.4",131.2
"648","H",5,"Stress","35","6","5.5",NA,NA,"Faga'alu","Medium","910","6.7",142.3
"649","H",5,"Stress","35","6","5.5",NA,NA,"Vatia","Low","640","4.1",85.8
"650","H",5,"Stress","35","6","6",NA,NA,"Faga'tele","Low","0","0.3",59.8
"651","H",6,"Recovery","35","5.5","4.5","1","0.638","Coconut Point","High","6707","48.8",231
"652","H",6,"Recovery","35","6","5","2","0.672","Faga'alu","Medium","910","6.7",199.9
"653","H",6,"Recovery","35","6","5","3","0.631","Cannery","High","9276","5.4",193
"654","H",6,"Recovery","35","6","5.5","1.5","0.605","Faga'tele","Low","0","0.3",239.2
"655","H",6,"Recovery","35","6","6","5.5","0.588","Vatia","Low","640","4.1",128.6
"656","H",6,"Stress","35","5.5","4",NA,NA,"Cannery","High","9276","5.4",161.5
"657","H",6,"Stress","35","6","5",NA,NA,"Coconut Point","High","6707","48.8",NA
"658","H",6,"Stress","35","6","6",NA,NA,"Faga'alu","Medium","910","6.7",144.5
"659","H",6,"Stress","35","6","6",NA,NA,"Faga'tele","Low","0","0.3",86.4
"660","H",6,"Stress","35","6","6",NA,NA,"Vatia","Low","640","4.1",70
"661","H",7,"Recovery","35","6","5","2","0.611","Coconut Point","High","6707","48.8",238.9
"662","H",7,"Recovery","35","6","5","2","0.661","Cannery","High","9276","5.4",223.6
"663","H",7,"Recovery","35","6","5.5","2","0.589","Faga'alu","Medium","910","6.7",204.3
"664","H",7,"Recovery","35","6","6","2","0.627","Faga'tele","Low","0","0.3",216
"665","H",7,"Recovery","35","6","6","3","0.642","Vatia","Low","640","4.1",241.3
"666","H",7,"Stress","35","5","4",NA,NA,"Vatia","Low","640","4.1",171.6
"667","H",7,"Stress","35","5.5","5",NA,NA,"Faga'alu","Medium","910","6.7",181
"668","H",7,"Stress","35","5.5","5",NA,NA,"Faga'tele","Low","0","0.3",129.9
"669","H",7,"Stress","35","6","5.5",NA,NA,"Cannery","High","9276","5.4",102
"670","H",7,"Stress","35","6","6",NA,NA,"Coconut Point","High","6707","48.8",NA
"671","H",8,"Recovery","35","5.5","5.5","3","0.619","Vatia","Low","640","4.1",200.4
"672","H",8,"Recovery","35","5.5","5.5","4","0.563","Coconut Point","High","6707","48.8",167
"673","H",8,"Recovery","35","6","5.5","2.5","0.643","Cannery","High","9276","5.4",215.4
"674","H",8,"Recovery","35","6","6","2","0.6","Faga'tele","Low","0","0.3",212.5
"675","H",8,"Recovery","35","6","6","4.5","0.639","Faga'alu","Medium","910","6.7",144.6
"676","H",8,"Stress","35","5.5","4",NA,NA,"Cannery","High","9276","5.4",164.7
"677","H",8,"Stress","35","5.5","5",NA,NA,"Coconut Point","High","6707","48.8",NA
"678","H",8,"Stress","35","5.5","5",NA,NA,"Vatia","Low","640","4.1",100.3
"679","H",8,"Stress","35","6","4",NA,NA,"Faga'alu","Medium","910","6.7",179.3
"680","H",8,"Stress","35","6","5.5",NA,NA,"Faga'tele","Low","0","0.3",88.7
